,Experiments,Time,k__Bacteria;p__Bacteroidetes;c__Bacteroidia;o__Bacteroidales;f__Bacteroidaceae,k__Bacteria;p__Firmicutes;c__Clostridia;o__Clostridiales;f__Lachnospiraceae,k__Bacteria;p__Verrucomicrobia;c__Verrucomicrobiae;o__Verrucomicrobiales;f__Verrucomicrobiaceae,k__Bacteria;p__Firmicutes;c__Clostridia;o__Clostridiales;f__Ruminococcaceae,k__Bacteria;p__Firmicutes;c__Clostridia;o__Clostridiales;f__Veillonellaceae,k__Bacteria;p__Bacteroidetes;c__Bacteroidia;o__Bacteroidales;f__,k__Bacteria;p__Proteobacteria;c__Gammaproteobacteria;o__Enterobacteriales;f__Enterobacteriaceae,k__Bacteria;p__Proteobacteria;c__Betaproteobacteria;o__Burkholderiales;f__Alcaligenaceae,k__Bacteria;p__Proteobacteria;c__Deltaproteobacteria;o__Desulfovibrionales;f__Desulfovibrionaceae,k__Bacteria;p__Firmicutes;c__Clostridia;o__Clostridiales;f__,k__Bacteria;p__Tenericutes;c__Erysipelotrichi;o__Erysipelotrichales;f__Erysipelotrichaceae,k__Bacteria;p__Bacteroidetes;c__Bacteroidia;o__Bacteroidales;f__Prevotellaceae,k__Bacteria;p__Bacteroidetes;c__Bacteroidia;o__Bacteroidales;f__Porphyromonadaceae,k__Bacteria;p__Firmicutes;c__Clostridia;o__Clostridiales;f__Clostridiaceae,k__Bacteria;p__Bacteroidetes;c__Bacteroidia;o__Bacteroidales;f__Rikenellaceae
0,exp_0,0.0,23841.0,3812.0,395.0,319.0,14.0,7870.0,4698.0,0.0,292.0,63.0,11.0,10.0,1.0,19.0,0.0
1,exp_0,0.0.1,11561.0,3733.0,13460.0,202.0,819.0,4697.0,2143.0,0.0,463.0,105.0,25.0,1.0,1.0,19.0,1.0
2,exp_0,0.0.2,12542.0,2759.0,11115.0,196.0,994.0,1723.0,1717.0,0.0,349.0,131.0,28.0,3.0,0.0,20.0,0.0
3,exp_0,0.0.3,13999.0,6032.0,9172.0,567.0,881.0,1760.0,4803.0,0.0,248.0,407.0,21.0,7.0,0.0,216.0,0.0
4,exp_0,0.0.4,11203.0,6443.0,11436.0,288.0,1173.0,741.0,983.0,0.0,290.0,173.0,34.0,0.0,0.0,57.0,0.0
5,exp_0,0.0.5,12457.0,1747.0,18765.0,420.0,1112.0,465.0,1868.0,0.0,540.0,108.0,22.0,8.0,0.0,50.0,0.0
6,exp_0,0.0.6,22215.0,3410.0,15874.0,1083.0,2590.0,928.0,945.0,0.0,296.0,139.0,15.0,2.0,1.0,53.0,0.0
7,exp_0,0.0.7,22330.0,4995.0,4080.0,2040.0,1925.0,2137.0,298.0,0.0,184.0,110.0,22.0,0.0,0.0,28.0,2.0
8,exp_0,0.0.8,24061.0,4360.0,4196.0,1297.0,2028.0,2479.0,2236.0,0.0,201.0,62.0,7.0,23.0,4.0,29.0,0.0
9,exp_0,0.0.9,19609.0,4678.0,6595.0,1068.0,1643.0,1581.0,170.0,0.0,304.0,59.0,9.0,123.0,26.0,12.0,0.0
10,exp_0,0.0.10,26158.0,7847.0,4855.0,2861.0,1666.0,2465.0,344.0,0.0,266.0,100.0,16.0,23.0,1.0,17.0,0.0
11,exp_0,0.0.11,20844.0,4295.0,9037.0,1056.0,1557.0,1084.0,477.0,0.0,404.0,121.0,4.0,1.0,16.0,27.0,0.0
12,exp_0,0.0.12,22138.0,4200.0,6706.0,1597.0,1118.0,810.0,1644.0,0.0,323.0,94.0,22.0,29.0,2.0,31.0,0.0
13,exp_0,0.0.13,24500.0,4045.0,8115.0,1566.0,809.0,1271.0,1419.0,0.0,242.0,108.0,12.0,128.0,19.0,23.0,1.0
14,exp_0,0.0.14,19587.0,7292.0,6997.0,2012.0,1441.0,1283.0,201.0,0.0,68.0,72.0,29.0,106.0,9.0,6.0,2.0
15,exp_0,0.0.15,18677.0,3331.0,5743.0,1367.0,1414.0,1125.0,3471.0,0.0,133.0,53.0,31.0,139.0,24.0,12.0,4.0
16,exp_0,0.0.16,12065.0,2640.0,11623.0,1006.0,1690.0,760.0,248.0,0.0,157.0,37.0,40.0,6.0,1.0,10.0,0.0
17,exp_0,0.0.17,21724.0,3667.0,4388.0,2195.0,1239.0,1162.0,660.0,0.0,256.0,54.0,40.0,160.0,13.0,24.0,6.0
18,exp_0,0.0.18,18914.0,3775.0,6427.0,1080.0,1094.0,2009.0,1070.0,0.0,162.0,25.0,59.0,158.0,19.0,8.0,4.0
19,exp_0,0.0.19,25521.0,6136.0,2488.0,1272.0,1363.0,1652.0,118.0,0.0,146.0,44.0,20.0,5.0,0.0,8.0,10.0
20,exp_0,0.0.20,17548.0,5921.0,5467.0,1575.0,1068.0,1163.0,167.0,0.0,292.0,28.0,46.0,1.0,0.0,13.0,3.0
21,exp_0,0.0.21,20934.0,5312.0,3.0,2410.0,1208.0,2125.0,1536.0,266.0,307.0,167.0,91.0,1236.0,113.0,9.0,18.0
22,exp_0,0.0.22,21121.0,2650.0,12541.0,1244.0,974.0,403.0,1291.0,0.0,1021.0,65.0,29.0,154.0,244.0,18.0,6.0
23,exp_0,0.0.23,25394.0,3668.0,6110.0,1422.0,1209.0,859.0,608.0,0.0,82.0,47.0,43.0,134.0,8.0,23.0,3.0
24,exp_0,0.0.24,17279.0,4250.0,5834.0,1425.0,639.0,772.0,4611.0,0.0,188.0,117.0,107.0,17.0,2.0,25.0,2.0
25,exp_0,0.0.25,15834.0,3861.0,2940.0,2005.0,512.0,1573.0,463.0,0.0,125.0,29.0,74.0,15.0,2.0,6.0,5.0
26,exp_0,0.0.26,22170.0,3189.0,7114.0,2376.0,927.0,1499.0,277.0,0.0,299.0,66.0,53.0,4.0,3.0,38.0,7.0
27,exp_0,0.0.27,19643.0,2380.0,7941.0,1543.0,550.0,1148.0,984.0,0.0,320.0,74.0,25.0,6.0,2.0,35.0,7.0
28,exp_0,0.0.28,19312.0,4376.0,8346.0,1558.0,1073.0,1019.0,27.0,0.0,254.0,59.0,45.0,130.0,4.0,23.0,5.0
29,exp_0,0.0.29,18378.0,3498.0,6363.0,689.0,1024.0,665.0,1608.0,0.0,225.0,80.0,42.0,5.0,11.0,24.0,6.0
30,exp_0,0.0.30,24081.0,5363.0,8119.0,1579.0,1733.0,1324.0,750.0,0.0,196.0,43.0,44.0,9.0,0.0,24.0,8.0
31,exp_0,0.0.31,24899.0,6085.0,2549.0,3196.0,1549.0,250.0,162.0,572.0,56.0,60.0,56.0,2.0,1.0,7.0,2.0
32,exp_0,0.0.32,18752.0,5862.0,2269.0,4163.0,1469.0,676.0,565.0,492.0,161.0,99.0,197.0,11.0,4.0,14.0,6.0
33,exp_0,0.0.33,16733.0,5423.0,370.0,4666.0,2332.0,621.0,1593.0,381.0,115.0,120.0,121.0,2.0,3.0,5.0,19.0
34,exp_0,0.0.34,15280.0,2721.0,14.0,3662.0,797.0,1194.0,10015.0,143.0,111.0,57.0,52.0,0.0,0.0,9.0,9.0
35,exp_0,0.0.35,18902.0,8006.0,3.0,5117.0,1698.0,959.0,1965.0,1012.0,326.0,107.0,160.0,0.0,0.0,1.0,18.0
36,exp_0,0.0.36,16097.0,5840.0,19.0,2278.0,1456.0,1286.0,5781.0,1281.0,412.0,108.0,76.0,0.0,0.0,30.0,32.0
37,exp_0,0.0.37,13885.0,3723.0,3.0,2341.0,1290.0,2101.0,8836.0,80.0,164.0,53.0,23.0,29.0,73.0,4.0,21.0
38,exp_0,0.0.38,19576.0,6908.0,5.0,2580.0,1412.0,1543.0,3231.0,150.0,152.0,107.0,101.0,12.0,2.0,17.0,21.0
39,exp_0,0.0.39,29356.0,8331.0,25.0,5097.0,2439.0,3088.0,4261.0,375.0,193.0,214.0,316.0,49.0,9.0,24.0,32.0
40,exp_0,0.0.40,22953.0,5605.0,20.0,3657.0,3204.0,2898.0,5242.0,318.0,503.0,369.0,206.0,43.0,144.0,39.0,80.0
41,exp_0,0.0.41,20794.0,7068.0,1.0,3342.0,733.0,1533.0,753.0,555.0,183.0,206.0,91.0,0.0,3.0,13.0,16.0
42,exp_0,0.0.42,15324.0,11396.0,19.0,5961.0,556.0,629.0,2133.0,105.0,260.0,927.0,1172.0,22.0,17.0,88.0,9.0
43,exp_0,0.0.43,18889.0,5936.0,1608.0,3323.0,1537.0,2432.0,2202.0,562.0,219.0,271.0,223.0,3.0,6.0,40.0,42.0
44,exp_0,0.0.44,15685.0,7250.0,1454.0,3318.0,1386.0,2269.0,299.0,782.0,200.0,375.0,264.0,80.0,19.0,37.0,42.0
45,exp_0,0.0.45,13844.0,2672.0,7041.0,1008.0,1052.0,1128.0,406.0,439.0,165.0,99.0,75.0,55.0,71.0,34.0,32.0
46,exp_0,0.0.46,17042.0,8954.0,955.0,1331.0,1104.0,699.0,71.0,1994.0,215.0,377.0,124.0,20.0,7.0,74.0,13.0
47,exp_0,0.0.47,20591.0,7636.0,6199.0,2539.0,1407.0,689.0,164.0,875.0,137.0,628.0,208.0,44.0,187.0,43.0,48.0
48,exp_0,0.0.48,22767.0,3827.0,1989.0,1647.0,1482.0,1577.0,46.0,770.0,169.0,167.0,93.0,307.0,26.0,30.0,7.0
49,exp_0,0.0.49,16442.0,3083.0,9146.0,2524.0,1085.0,551.0,268.0,273.0,502.0,145.0,70.0,31.0,9.0,57.0,38.0
50,exp_0,0.0.50,17013.0,5419.0,5611.0,1893.0,759.0,488.0,3639.0,105.0,652.0,117.0,137.0,33.0,1111.0,39.0,11.0
51,exp_0,0.0.51,24265.0,5443.0,1557.0,3105.0,1538.0,592.0,35.0,406.0,110.0,167.0,107.0,13.0,1.0,33.0,28.0
52,exp_0,0.0.52,20996.0,4478.0,62.0,3442.0,661.0,1062.0,302.0,822.0,42.0,156.0,158.0,1.0,0.0,15.0,6.0
53,exp_0,0.0.53,17252.0,4173.0,3247.0,2770.0,1741.0,1059.0,27.0,856.0,110.0,263.0,75.0,1.0,0.0,61.0,44.0
54,exp_0,0.0.54,20669.0,4989.0,2270.0,2236.0,1157.0,859.0,3.0,883.0,154.0,272.0,96.0,4.0,0.0,43.0,26.0
55,exp_0,0.0.55,21550.0,10026.0,1728.0,4559.0,2455.0,1085.0,2.0,643.0,179.0,178.0,202.0,5.0,0.0,29.0,19.0
56,exp_0,0.0.56,15860.0,6988.0,5641.0,2315.0,1481.0,787.0,1.0,562.0,190.0,234.0,169.0,12.0,0.0,18.0,33.0
57,exp_0,0.0.57,19865.0,6170.0,7377.0,2347.0,1933.0,952.0,13.0,1013.0,289.0,387.0,246.0,25.0,35.0,19.0,67.0
58,exp_0,0.0.58,19388.0,8408.0,3016.0,3928.0,1993.0,1115.0,9.0,527.0,251.0,337.0,245.0,7.0,7.0,43.0,46.0
59,exp_0,0.0.59,13587.0,10223.0,113.0,4607.0,625.0,477.0,17.0,1191.0,76.0,315.0,210.0,36.0,4.0,63.0,14.0
60,exp_0,0.0.60,19528.0,6222.0,907.0,2597.0,1367.0,657.0,0.0,311.0,217.0,202.0,185.0,0.0,0.0,12.0,30.0
61,exp_0,0.0.61,13288.0,4628.0,6840.0,1560.0,1226.0,432.0,13.0,388.0,146.0,230.0,45.0,1.0,0.0,14.0,29.0
62,exp_0,0.0.62,30482.0,6416.0,1499.0,2945.0,1386.0,611.0,3.0,1825.0,215.0,231.0,145.0,0.0,0.0,133.0,24.0
63,exp_0,0.0.63,20027.0,7452.0,3328.0,3007.0,1784.0,167.0,10.0,724.0,288.0,193.0,239.0,4.0,3.0,60.0,16.0
64,exp_0,0.0.64,22872.0,6499.0,4670.0,2636.0,1224.0,454.0,2.0,409.0,270.0,142.0,90.0,0.0,0.0,25.0,42.0
65,exp_0,0.0.65,22416.0,5358.0,2742.0,2667.0,1131.0,567.0,152.0,294.0,190.0,182.0,77.0,2.0,34.0,32.0,71.0
66,exp_0,0.0.66,19853.0,5716.0,1876.0,3771.0,1167.0,940.0,6.0,277.0,123.0,359.0,97.0,6.0,0.0,27.0,33.0
67,exp_0,0.0.67,20672.0,3734.0,7673.0,1963.0,551.0,450.0,728.0,157.0,215.0,180.0,58.0,2.0,8.0,11.0,21.0
68,exp_0,0.0.68,22710.0,4787.0,364.0,1554.0,545.0,609.0,9.0,261.0,41.0,51.0,101.0,1.0,1.0,0.0,10.0
69,exp_0,0.0.69,21385.0,6053.0,1.0,1966.0,968.0,1283.0,10.0,1139.0,10.0,51.0,169.0,3.0,9.0,6.0,8.0
70,exp_0,0.0.70,24904.0,6572.0,1062.0,2379.0,1523.0,1924.0,394.0,883.0,208.0,149.0,209.0,28.0,2.0,4.0,38.0
71,exp_0,0.0.71,27001.0,4823.0,1621.0,1800.0,2197.0,1224.0,121.0,815.0,75.0,97.0,138.0,2.0,1.0,20.0,21.0
72,exp_0,0.0.72,26991.0,5659.0,2124.0,2956.0,1276.0,1137.0,84.0,962.0,133.0,91.0,157.0,1.0,0.0,18.0,24.0
73,exp_0,0.0.73,17857.0,7662.0,6048.0,3231.0,598.0,785.0,61.0,738.0,346.0,199.0,199.0,0.0,0.0,43.0,29.0
74,exp_0,0.0.74,22935.0,7339.0,293.0,4426.0,765.0,681.0,754.0,456.0,132.0,183.0,292.0,11.0,0.0,5.0,17.0
75,exp_0,0.0.75,24309.0,5812.0,707.0,3797.0,597.0,465.0,1.0,590.0,78.0,192.0,234.0,0.0,0.0,10.0,32.0
76,exp_0,0.0.76,21316.0,4367.0,4284.0,1606.0,786.0,354.0,12.0,577.0,349.0,202.0,309.0,0.0,0.0,21.0,69.0
77,exp_0,0.0.77,16907.0,3675.0,4505.0,1564.0,289.0,262.0,1239.0,238.0,929.0,157.0,106.0,531.0,935.0,30.0,309.0
78,exp_0,0.0.78,26717.0,8557.0,5653.0,4493.0,1827.0,547.0,13.0,924.0,478.0,218.0,265.0,40.0,10.0,47.0,28.0
79,exp_0,0.0.79,17405.0,5882.0,35.0,2278.0,2495.0,306.0,11.0,253.0,58.0,110.0,80.0,4.0,1.0,28.0,13.0
80,exp_0,0.0.80,14782.0,4923.0,8922.0,2450.0,284.0,141.0,1847.0,480.0,831.0,123.0,213.0,232.0,909.0,47.0,93.0
81,exp_0,0.0.81,18221.0,8539.0,93.0,4521.0,1119.0,511.0,6.0,500.0,281.0,258.0,424.0,3.0,1.0,63.0,25.0
82,exp_0,0.0.82,20022.0,8021.0,25.0,5219.0,1038.0,349.0,3523.0,263.0,219.0,395.0,140.0,112.0,8.0,88.0,10.0
83,exp_0,0.0.83,26690.0,7905.0,38.0,4075.0,1062.0,381.0,37.0,351.0,162.0,186.0,247.0,607.0,39.0,40.0,21.0
84,exp_0,0.0.84,32754.0,5380.0,763.0,4036.0,1130.0,1113.0,25.0,708.0,349.0,100.0,254.0,77.0,12.0,25.0,55.0
85,exp_0,0.0.85,22875.0,7249.0,1188.0,4757.0,726.0,496.0,15.0,1268.0,125.0,135.0,105.0,4.0,0.0,26.0,11.0
86,exp_0,0.0.86,25126.0,4817.0,4266.0,2007.0,652.0,527.0,165.0,735.0,194.0,195.0,95.0,21.0,3.0,42.0,16.0
87,exp_0,0.0.87,25717.0,7217.0,5210.0,3196.0,931.0,798.0,1.0,276.0,116.0,152.0,335.0,2.0,0.0,25.0,18.0
88,exp_0,0.0.88,13606.0,8397.0,4962.0,4289.0,901.0,393.0,49.0,141.0,341.0,286.0,413.0,30.0,8.0,81.0,11.0
89,exp_0,0.0.89,18067.0,3810.0,5356.0,1689.0,970.0,634.0,0.0,235.0,131.0,131.0,144.0,7.0,1.0,6.0,38.0
90,exp_0,0.0.90,21671.0,7662.0,1419.0,4029.0,923.0,405.0,68.0,219.0,390.0,322.0,161.0,153.0,15.0,56.0,26.0
91,exp_0,0.0.91,21477.0,5832.0,5636.0,1759.0,976.0,662.0,3.0,301.0,465.0,163.0,174.0,18.0,1.0,27.0,38.0
92,exp_0,0.0.92,19589.0,7610.0,3029.0,4102.0,444.0,601.0,37.0,126.0,527.0,297.0,217.0,45.0,17.0,96.0,31.0
93,exp_0,0.0.93,21428.0,7109.0,504.0,3736.0,1165.0,478.0,0.0,208.0,191.0,174.0,262.0,0.0,1.0,16.0,47.0
94,exp_0,0.0.94,24381.0,7809.0,6900.0,3144.0,1556.0,407.0,59.0,125.0,418.0,325.0,294.0,2827.0,149.0,37.0,31.0
95,exp_0,0.0.95,21591.0,8707.0,2867.0,3846.0,1551.0,904.0,0.0,335.0,143.0,205.0,267.0,11.0,3.0,7.0,31.0
96,exp_0,0.0.96,19395.0,5537.0,4037.0,2366.0,1575.0,785.0,12.0,614.0,243.0,194.0,133.0,4.0,0.0,28.0,41.0
97,exp_0,0.0.97,28874.0,6945.0,1937.0,3596.0,1460.0,577.0,3.0,1086.0,246.0,175.0,191.0,3.0,1.0,20.0,30.0
98,exp_0,0.0.98,21254.0,6351.0,2479.0,2992.0,1051.0,536.0,1331.0,275.0,555.0,188.0,112.0,13.0,63.0,97.0,38.0
99,exp_0,0.0.99,14823.0,11834.0,2172.0,3728.0,632.0,279.0,114.0,343.0,847.0,432.0,259.0,1218.0,34.0,33.0,11.0
