OTU ID,1,2,3,4,5,6,7,8,9,10,11,12,13,14,15,16,17,18,19,20,21,22,23,24,25,26,27
ParticipantID,,,,,,,,,,,,,,,,,,,,,,,,,,,
k__Bacteria|Other|Other|Other|Other,9.64e-06,0.0,0.0,0.0,0.0,0.001002777,1.65e-05,0.0,0.0,0.0,6.11e-05,8.14e-05,7.96e-05,0.000359219,1.05e-05,0.000148001,2.99e-05,0.0,0.0,0.0,0.0003051,9.85e-06,0.0,1.3e-05,0.003029018,2.51e-05,0.0
k__Bacteria|p__Actinobacteria|Other|Other|Other,0.0,0.0,0.0,0.0,0.0,0.0,0.0,0.0,0.0,0.0,0.0,0.0,0.0,0.0,0.0,0.0,0.0,0.0,0.0,0.0,0.0,0.0,0.0,0.0,0.0,0.0,0.0
k__Bacteria|p__Actinobacteria|c__Actinobacteria|Other|Other,0.0,0.0,0.0,0.0,0.0,0.0,0.0,0.0,0.0,0.0,0.0,0.0,0.0,0.0,0.0,0.0,0.0,0.0,0.0,0.0,0.0,0.0,0.0,0.0,0.0,0.0,0.0
k__Bacteria|p__Actinobacteria|c__Actinobacteria|o__Actinomycetales|Other,0.0,1.43e-05,0.0,0.0,0.0,0.0,8.25e-05,0.0,0.0,0.0,0.01861503,0.004751005,9.95e-06,0.001104267,0.0,0.0,0.019704102,0.0,0.0,0.0,0.009632428,0.0,0.0,0.007472499,0.0,0.0,0.001976339
k__Bacteria|p__Actinobacteria|c__Actinobacteria|o__Actinomycetales|f__Actinomycetaceae,0.0,0.00411057,0.004465622,0.0,0.0,0.009626658,0.00320132,0.002575933,0.000654805,1.7e-05,0.002002109,0.00029503,0.002408823,0.004350545,0.000220971,0.0,7.47e-06,0.001905297,0.0,0.000865718,0.001351155,0.002009239,0.003572687,0.080609256,0.0,0.012075207,0.003403695
k__Bacteria|p__Actinobacteria|c__Actinobacteria|o__Actinomycetales|f__Brevibacteriaceae,0.0,0.0,0.0,0.0,0.0,0.0,0.0,0.0,0.0,0.0,0.0,0.0,0.0,0.0,0.0,0.0,0.0,0.0,0.0,0.0,0.0,0.0,0.0,0.0,0.0,0.0,0.0
k__Bacteria|p__Actinobacteria|c__Actinobacteria|o__Actinomycetales|f__Corynebacteriaceae,9.64e-06,0.0,0.0,0.0,4.04e-05,0.0,8.25e-05,0.0,0.0,0.0,0.00177286,0.002248334,0.0,0.0,0.0,0.0,0.000119555,0.00406047,0.0,0.000274831,8.72e-05,0.0,0.0,0.006756493,1.21e-05,0.0,0.00096072
k__Bacteria|p__Actinobacteria|c__Actinobacteria|o__Actinomycetales|f__Dermabacteraceae,0.0,0.0,0.0,0.0,0.0,0.0,0.001254125,0.0,0.0,0.0,0.001528328,0.0,1.99e-05,0.001343746,0.0,0.0,0.0,0.0,0.0,0.0,0.000188871,0.0,0.0,0.0,0.0,0.0,0.0
k__Bacteria|p__Actinobacteria|c__Actinobacteria|o__Actinomycetales|f__Dermacoccaceae,0.0,0.0,0.0,0.0,0.0,0.0,0.0,0.0,0.0,0.0,0.0,0.0,0.0,0.0,0.0,0.0,0.0,0.0,0.0,0.0,0.0,0.0,0.0,0.0,0.0,0.0,0.0
k__Bacteria|p__Actinobacteria|c__Actinobacteria|o__Actinomycetales|f__Dietziaceae,0.0,0.0,0.0,0.0,0.0,0.0,0.0,0.0,0.0,0.0,0.0,0.0,0.0,0.0,0.0,0.0,0.0,0.0,0.0,0.0,0.0,0.0,0.0,0.0,0.0,0.0,0.0
k__Bacteria|p__Actinobacteria|c__Actinobacteria|o__Actinomycetales|f__Geodermatophilaceae,0.0,0.0,0.0,0.0,0.0,0.0,0.0,0.0,0.0,0.0,0.0,0.0,0.0,0.0,0.0,0.0,0.0,0.0,0.0,0.0,0.0,0.0,0.0,0.0,0.0,0.0,0.0
k__Bacteria|p__Actinobacteria|c__Actinobacteria|o__Actinomycetales|f__Gordoniaceae,0.0,0.0,0.0,0.0,0.0,0.0,0.0,0.0,0.0,0.0,0.0,0.0,0.0,0.0,0.0,0.0,0.0,0.0,0.0,0.0,0.0,0.0,0.0,0.0,0.0,0.0,0.0
k__Bacteria|p__Actinobacteria|c__Actinobacteria|o__Actinomycetales|f__Intrasporangiaceae,0.0,0.0,0.0,0.0,0.0,0.0,0.0,0.0,0.0,0.0,0.0,0.0,0.0,0.0,0.0,0.0,0.0,0.0,0.0,0.0,0.0,0.0,0.0,0.0,0.0,0.0,0.0
k__Bacteria|p__Actinobacteria|c__Actinobacteria|o__Actinomycetales|f__Microbacteriaceae,0.0,0.0,0.0,0.0,0.0,0.0,0.0,0.0,0.0,0.0,0.0,5.09e-05,0.0,0.0,0.0,0.0,0.0,0.0,0.0,0.0,0.0,0.0,0.0,0.0,0.0,0.0,0.0
k__Bacteria|p__Actinobacteria|c__Actinobacteria|o__Actinomycetales|f__Micrococcaceae,0.0,0.0,0.0,0.0,0.0,0.0,0.0,0.0,0.0,0.0,0.0,3.05e-05,0.0,0.0,0.0,0.0,0.0,0.0,0.0,0.0,0.0,9.85e-06,0.0,1.3e-05,0.0,0.0,0.0
k__Bacteria|p__Actinobacteria|c__Actinobacteria|o__Actinomycetales|f__Mycobacteriaceae,0.0,0.0,0.0,0.0,0.0,0.0,0.0,0.0,0.0,0.0,0.0,0.0,0.0,0.0,0.0,0.0,0.0,0.0,0.0,0.0,0.0,0.0,0.0,0.0,0.0,0.0,0.0
k__Bacteria|p__Actinobacteria|c__Actinobacteria|o__Actinomycetales|f__Nocardiaceae,0.0,0.0,0.0,0.0,0.0,0.0,0.0,0.0,0.0,0.0,0.0,0.0,0.0,0.0,0.0,0.0,0.0,0.0,0.0,0.0,0.0,0.0,0.0,0.0,0.0,0.0,0.0
k__Bacteria|p__Actinobacteria|c__Actinobacteria|o__Actinomycetales|f__Nocardioidaceae,0.0,0.0,0.0,0.0,0.0,0.0,0.0,0.0,0.0,0.0,0.0,0.0,0.0,0.0,0.0,0.0,0.0,0.000124938,0.0,0.0,0.0,0.0,0.0,0.0,0.0,0.0,0.0
k__Bacteria|p__Actinobacteria|c__Actinobacteria|o__Actinomycetales|f__Promicromonosporaceae,0.0,0.0,0.0,0.0,0.0,0.0,0.0,0.0,0.0,0.0,0.0,0.0,0.0,0.0,0.0,0.0,0.0,0.0,0.0,0.0,0.0,0.0,0.0,0.0,0.0,0.0,0.0
k__Bacteria|p__Actinobacteria|c__Actinobacteria|o__Actinomycetales|f__Propionibacteriaceae,9.64e-06,0.0,0.0,0.0,0.014947079,0.023048442,0.008135314,0.00180005,0.000453326,0.0,0.0,0.0,0.0,0.0,0.018845688,0.0,7.47e-06,3.12e-05,0.0,6.87e-05,0.0,0.0,0.005350643,2.6e-05,6.06e-05,0.002805857,0.0
k__Bacteria|p__Actinobacteria|c__Actinobacteria|o__Actinomycetales|f__Sanguibacteraceae,0.0,0.0,0.0,0.0,0.0,0.0,0.0,0.0,0.0,0.0,0.0,0.0,0.0,0.0,0.0,0.0,0.0,0.0,0.0,0.0,0.0,0.0,0.0,0.0,0.0,0.0,0.0
k__Bacteria|p__Actinobacteria|c__Actinobacteria|o__Actinomycetales|f__Streptomycetaceae,0.0,0.0,0.0,0.0,0.0,0.0,0.0,0.0,0.0,0.0,0.0,0.0,0.0,0.0,0.0,0.0,0.0,0.0,0.0,0.0,0.0,0.0,0.0,0.0,0.0,0.0,0.0
k__Bacteria|p__Actinobacteria|c__Actinobacteria|o__Bifidobacteriales|f__Bifidobacteriaceae,8.68e-05,0.0,0.00027536,3.88e-05,0.000343379,0.005414995,0.017458746,0.0,0.0,0.0,0.001467194,0.000142428,4.98e-05,0.023708474,0.000915452,0.01037749,0.0,3.12e-05,3.46e-05,2.75e-05,0.000188871,1.97e-05,0.0,0.003436829,0.000145393,0.000375784,0.019681041
k__Bacteria|p__Actinobacteria|c__Coriobacteriia|o__Coriobacteriales|f__Coriobacteriaceae,0.0,0.0,0.0,0.0,0.012604024,0.017941993,0.000957096,0.0,0.0,0.0,0.008635051,0.015779033,9.95e-06,0.000199566,0.042100279,0.0,0.037981021,0.012431284,0.0,2.75e-05,0.041464478,0.0,0.024958486,0.035357678,1.21e-05,0.038730851,0.009332711
k__Bacteria|p__Actinobacteria|c__Thermoleophilia|o__Gaiellales|f__Gaiellaceae,0.0,0.0,0.0,0.0,0.0,0.0,0.0,0.0,0.0,0.0,0.0,0.0,0.0,0.0,0.0,0.0,0.0,0.0,0.0,0.0,0.0,0.0,0.0,0.0,0.0,0.0,0.0
k__Bacteria|p__Bacteroidetes|Other|Other|Other,0.0,0.0,0.0,0.0,0.0,0.0,0.0,0.0,0.0,0.0,0.0,0.0,0.0,0.0,0.0,0.0,0.0,0.0,0.0,0.0,0.0,0.0,0.0,0.0,0.0,0.0,0.0
k__Bacteria|p__Bacteroidetes|c__Bacteroidia|o__Bacteroidales|Other,0.0,0.0,0.0,0.0,0.0,0.0,0.0,0.0,0.0,0.0,0.0,0.0,0.0,0.0,0.0,0.0,0.0,0.0,0.0,0.0,0.0,0.0,0.0,0.0,0.0,0.0,0.0
k__Bacteria|p__Bacteroidetes|c__Bacteroidia|o__Bacteroidales|f__Bacteroidaceae,0.0,0.0,5.99e-05,0.0,0.0,6.17e-05,0.000148515,0.0,0.0,0.0,0.034647186,0.096291775,0.0,0.0,0.0,0.0,0.038122992,0.000156172,0.0,0.0,0.029783525,0.0,0.0,0.049847035,0.0,2.51e-05,0.205703933
k__Bacteria|p__Bacteroidetes|c__Bacteroidia|o__Bacteroidales|f__Porphyromonadaceae,0.0,1.43e-05,0.0,0.0,0.0,0.0,0.0,0.0,0.0,0.0,0.0,2.03e-05,0.0,7.98e-05,0.0,0.0,0.0,3.12e-05,5.76e-05,2.75e-05,0.0,0.0,0.0,1.3e-05,0.0,0.0,0.0
k__Bacteria|p__Bacteroidetes|c__Bacteroidia|o__Bacteroidales|f__Prevotellaceae,0.002043925,0.00011458,0.249619883,0.000407514,0.001232124,0.040759025,0.101732673,0.004386328,0.023333711,0.0,0.025874585,0.133445241,0.203844163,0.049226348,0.01548903,0.173283187,0.261697676,0.007777361,0.223742608,0.001071841,0.157780038,0.003880588,0.076317952,0.091974224,0.0,0.139603923,0.025390464
k__Bacteria|p__Bacteroidetes|c__Bacteroidia|o__Bacteroidales|f__Rikenellaceae,0.0,0.0,0.0,0.0,0.0,0.0,0.0,0.0,0.0,0.0,7.64e-05,0.000478153,0.0,0.0,0.0,0.0,0.00010461,0.000124938,0.0,0.0,0.000363214,0.0,0.0,9.11e-05,0.0,1.25e-05,0.001152864
k__Bacteria|p__Bacteroidetes|c__Bacteroidia|o__Bacteroidales|f__S24-7,0.0,0.0,0.0,0.0,0.0,0.0,0.0,0.0,0.0,0.0,0.0,0.0,0.0,0.0,0.0,0.0,0.0,0.0,0.0,0.0,0.0,0.0,0.0,0.0,0.0,0.0,0.0
k__Bacteria|p__Bacteroidetes|c__Bacteroidia|o__Bacteroidales|f__[Barnesiellaceae],0.0,0.0,0.0,0.0,0.0,0.0,0.0,0.0,0.0,0.0,0.0,0.0,0.0,0.0,0.0,0.0,0.0,0.0,0.0,0.0,0.0,0.0,0.0,0.0,0.0,0.0,0.0
k__Bacteria|p__Bacteroidetes|c__Bacteroidia|o__Bacteroidales|f__[Odoribacteraceae],0.0,0.0,0.0,0.0,0.0,0.0,0.0,0.0,0.0,0.0,0.0,0.0,0.0,0.0,0.0,0.0,0.0,0.0,0.0,0.0,0.0,0.0,0.0,0.0,0.0,0.0,0.0
k__Bacteria|p__Bacteroidetes|c__Bacteroidia|o__Bacteroidales|f__[Paraprevotellaceae],0.0,0.0,0.0,0.0,0.0,0.0,0.0,0.0,0.0,0.0,0.0,0.0,0.0,0.0,0.0,0.0,0.0,0.0,0.0,0.0,0.0,0.0,0.0,0.0,0.0,0.0,0.0
k__Bacteria|p__Bacteroidetes|c__Cytophagia|o__Cytophagales|f__Cyclobacteriaceae,0.0,0.0,0.0,0.0,0.0,0.0,0.0,0.0,0.0,0.0,0.0,0.0,0.0,0.0,0.0,0.0,0.0,0.0,0.0,0.0,0.0,0.0,0.0,0.0,0.0,0.0,0.0
k__Bacteria|p__Bacteroidetes|c__Flavobacteriia|o__Flavobacteriales|f__Flavobacteriaceae,0.0,0.0,0.0,0.0,0.0,0.0,0.0,0.0,0.0,0.0,0.0,0.0,0.0,0.0,0.0,0.0,0.0,0.0,0.0,0.0,0.0,0.0,0.0,0.0,0.0,0.0,0.0
k__Bacteria|p__Bacteroidetes|c__Flavobacteriia|o__Flavobacteriales|f__[Weeksellaceae],0.0,0.0,0.0,0.0,0.0,0.0,0.0,0.0,0.0,0.0,0.0,0.0,0.0,0.0,0.0,0.0,0.0,0.0,0.0,0.0,0.0,0.0,0.0,0.0,0.0,0.0,0.0
k__Bacteria|p__Bacteroidetes|c__|o__|f__,0.0,0.0,0.0,0.0,0.0,0.0,0.0,0.0,0.0,0.0,0.0,0.0,0.0,0.0,0.0,0.0,0.0,0.0,0.0,0.0,0.0,0.0,0.0,0.0,0.0,3.76e-05,0.0
k__Bacteria|p__Cyanobacteria|c__4C0d-2|o__YS2|f__,0.0,0.0,0.0,0.0,0.0,0.0,0.0,0.0,0.0,0.0,0.0,0.0,0.0,0.0,0.0,0.0,0.0,0.0,0.0,0.0,0.0,0.0,0.0,0.0,0.0,0.0,0.0
k__Bacteria|p__Cyanobacteria|c__Chloroplast|o__Streptophyta|f__,0.0,0.0,0.0,0.0,0.0,0.0,0.0,0.0,0.0,0.0,0.0,0.0,0.0,0.0,0.0,0.0,0.0,0.003904298,0.0,4.12e-05,0.0,0.0,0.000100639,0.0,0.0,0.0,2.74e-05
k__Bacteria|p__Cyanobacteria|c__Nostocophycideae|o__Stigonematales|f__Rivulariaceae,0.0,0.0,0.0,0.0,0.0,0.0,0.0,0.0,0.0,0.0,0.0,0.0,0.0,0.0,0.0,0.0,0.0,0.0,0.0,0.0,0.0,0.0,0.0,0.0,0.0,0.0,0.0
k__Bacteria|p__Firmicutes|Other|Other|Other,0.0,0.0,0.0,0.0,0.0,0.000293119,0.0,0.0,0.0,0.0,0.0,0.0,0.0,2.66e-05,0.0,0.0,0.0,0.0,0.0,0.0,0.0,0.0,0.0,0.0,0.0,0.0,0.0
k__Bacteria|p__Firmicutes|c__Bacilli|Other|Other,0.007144097,0.000830708,9.58e-05,0.0,2.02e-05,0.000123419,0.0,4.14e-05,0.0,1.7e-05,4.58e-05,0.000223816,0.000119446,0.0,2.1e-05,0.001506129,7.47e-06,0.000124938,0.033638051,8.24e-05,2.91e-05,0.007101279,3.35e-05,1.3e-05,0.00712425,5.01e-05,2.74e-05
k__Bacteria|p__Firmicutes|c__Bacilli|o__Bacillales|f__Alicyclobacillaceae,0.0,0.0,0.0,0.0,0.0,0.0,0.0,0.0,0.0,0.0,0.0,0.0,0.0,0.0,0.0,0.0,0.0,0.0,0.0,0.0,0.0,0.0,0.0,0.0,0.0,0.0,0.0
k__Bacteria|p__Firmicutes|c__Bacilli|o__Bacillales|f__Bacillaceae,0.0,0.0,0.0,0.0,0.0,0.0,0.0,0.0,0.0,0.0,0.0,0.0,0.0,0.0,0.0,0.0,0.0,0.0,0.0,0.0,0.0,0.0,0.0,0.0,0.0,0.0,0.0
k__Bacteria|p__Firmicutes|c__Bacilli|o__Bacillales|f__Paenibacillaceae,0.0,0.0,0.0,0.0,0.0,0.0,0.0,0.0,0.0,0.0,0.0,0.0,0.0,0.0,0.0,0.0,0.0,0.0,0.0,0.0,0.0,0.0,0.0,0.0,0.0,0.0,0.0
k__Bacteria|p__Firmicutes|c__Bacilli|o__Bacillales|f__Planococcaceae,0.0,0.0,0.0,0.0,0.0,0.0,0.0,0.0,0.0,0.0,0.0,0.0,0.0,0.0,0.0,0.0,0.0,0.0,0.0,0.0,0.0,0.0,0.0,0.0,0.0,0.0,0.0
k__Bacteria|p__Firmicutes|c__Bacilli|o__Bacillales|f__Staphylococcaceae,0.091051079,0.013391578,0.002071187,5.82e-05,0.000403975,0.000539957,0.000363036,0.0,0.0,0.0003402,0.0,0.000773183,0.000139353,1.33e-05,2.1e-05,0.020276153,7.47e-06,0.003217141,0.742285036,0.002226131,0.0,0.014222257,0.000872205,0.000156219,0.000169625,0.000638834,2.74e-05
k__Bacteria|p__Firmicutes|c__Bacilli|o__Bacillales|f__Thermoactinomycetaceae,0.0,0.0,0.0,0.0,0.0,0.0,0.0,0.0,0.0,0.0,0.0,0.0,0.0,0.0,0.0,0.0,0.0,0.0,0.0,0.0,0.0,0.0,0.0,0.0,0.0,0.0,0.0
k__Bacteria|p__Firmicutes|c__Bacilli|o__Bacillales|f__[Exiguobacteraceae],0.0,0.0,0.0,0.0,0.0,0.0,0.0,0.0,0.0,0.0,0.0,0.0,0.0,0.0,0.0,0.0,0.0,0.0,0.0,0.0,0.0,0.0,0.0,0.0,0.0,0.0,0.0
k__Bacteria|p__Firmicutes|c__Bacilli|o__Bacillales|f__[Thermicanaceae],0.0,0.0,0.0,0.0,0.0,0.0,0.0,0.0,0.0,0.0,0.0,0.0,0.0,0.0,0.0,0.0,0.0,0.0,0.0,0.0,0.0,0.0,0.0,0.0,0.0,0.0,0.0
k__Bacteria|p__Firmicutes|c__Bacilli|o__Gemellales|f__,0.003403328,4.3e-05,0.0,0.0,0.0,0.0,0.0,0.0,0.0,0.0,0.0,0.0,0.0,0.0,0.0,8.71e-06,0.0,0.0,0.0,0.0,0.0,0.000275778,0.0,0.0,0.0,0.0,0.0
k__Bacteria|p__Firmicutes|c__Bacilli|o__Gemellales|f__Gemellaceae,0.0,0.0,0.0,0.0,0.0,0.0,0.0,0.0,0.0,0.0,0.0,0.000172949,0.0,0.000106435,0.0,0.0,0.0,0.004310345,0.0,0.0,0.0,0.0,0.0,3.91e-05,0.0,0.0,8.23e-05
k__Bacteria|p__Firmicutes|c__Bacilli|o__Lactobacillales|Other,0.0,0.0,0.0,0.0,0.0,0.0,0.0,0.0,0.0,6.8e-05,0.0,0.0,0.0,0.0,0.0,0.0,0.0,0.0,0.0,0.0,0.0,0.0,0.0,0.0,0.0,0.0,0.0
k__Bacteria|p__Firmicutes|c__Bacilli|o__Lactobacillales|f__Aerococcaceae,0.0,0.0,0.0,0.0,0.0,0.0,0.0,0.0,0.0,0.0,0.0,1.02e-05,0.0,0.0,0.0,0.0,7.47e-06,0.0,0.0,0.0,0.0,0.0,0.0,0.0,0.0,0.0,0.0
k__Bacteria|p__Firmicutes|c__Bacilli|o__Lactobacillales|f__Carnobacteriaceae,0.0,0.0,0.0,0.0,0.0,0.0,0.0,0.0,0.0,0.0,0.0,8.14e-05,0.0,0.0,0.0,0.0,0.0,0.0,0.0,0.0,1.45e-05,0.0,0.0,0.0,0.0,0.0,0.000109797
k__Bacteria|p__Firmicutes|c__Bacilli|o__Lactobacillales|f__Enterococcaceae,0.06528991,0.257519335,0.158810923,0.039858729,0.073786055,0.013128664,0.020940594,0.095837127,0.033369851,0.060793686,0.019944675,0.027112264,0.131450072,0.015765736,0.001525754,0.209369341,0.004363745,0.401517991,0.0,0.09731765,0.037614412,0.321547114,0.031952901,0.001835579,0.214963349,0.021570027,0.000878373
k__Bacteria|p__Firmicutes|c__Bacilli|o__Lactobacillales|f__Lactobacillaceae,0.0,1.43e-05,0.0,0.0,0.0,0.0,0.0,0.0,0.000251848,0.0,0.0,0.0,0.0,0.0,1.05e-05,0.0,0.0,0.000312344,0.0,0.0,0.0,0.0,8.39e-05,0.00045564,0.0,0.0,0.000274492
k__Bacteria|p__Firmicutes|c__Bacilli|o__Lactobacillales|f__Leuconostocaceae,0.0,0.0,0.0,0.0,0.0,0.0,0.0,0.0,0.0,0.0,0.0,2.03e-05,0.0,0.0,0.0,0.0,7.47e-06,0.0,0.0,0.0,0.0,0.0,0.0,0.0,0.0,0.0,2.74e-05
k__Bacteria|p__Firmicutes|c__Bacilli|o__Lactobacillales|f__Streptococcaceae,0.0,0.0,0.000371137,0.005491733,8.08e-05,4.63e-05,0.00130363,2.07e-05,0.00609472,0.0,0.000122266,0.000925785,3.98e-05,0.000745047,1.05e-05,0.0,0.000231637,0.001186907,6.92e-05,1.37e-05,5.81e-05,0.0,0.0,0.001991798,6.06e-05,0.007766212,0.002223381
k__Bacteria|p__Firmicutes|c__Bacilli|o__Turicibacterales|f__Turicibacteraceae,0.0,0.0,0.0,0.0,0.0,0.0,0.0,0.0,0.0,0.0,0.0,0.0,0.0,0.0,0.0,0.0,0.0,0.0,0.0,0.0,0.0,0.0,0.0,0.0,0.0,0.0,0.0
k__Bacteria|p__Firmicutes|c__Clostridia|o__Clostridiales|Other,0.0,0.0,0.0,0.0,0.0,0.0,0.0,0.0,0.0,0.0,0.031942046,0.028648456,0.0,0.062810159,0.0,0.0,0.019838601,0.025268616,0.0,0.0,0.053116374,0.0,0.0,0.026309966,1.21e-05,1.25e-05,0.052812165
k__Bacteria|p__Firmicutes|c__Clostridia|o__Clostridiales|f__,0.0,0.0,0.0,0.0,0.0,1.54e-05,0.0,0.0,0.0,0.0,0.0,0.0,0.0,0.0,0.0,0.0,0.0,0.0,0.0,0.0,0.0,0.0,0.0,0.0,0.0,0.0,0.0
k__Bacteria|p__Firmicutes|c__Clostridia|o__Clostridiales|f__Christensenellaceae,0.0,0.0,0.0,0.0,0.0,0.0,0.0,0.0,0.0,0.0,0.0,0.0,0.0,0.0,0.0,0.0,0.0,0.0,0.0,0.0,0.0,0.0,0.0,0.0,0.0,0.0,0.000494085
k__Bacteria|p__Firmicutes|c__Clostridia|o__Clostridiales|f__Clostridiaceae,0.0,0.0,1.2e-05,0.0,0.0,0.007636532,0.00029703,0.0,0.0,1.7e-05,0.000519631,0.004639097,0.0,0.0,0.004945546,0.0,0.00062019,0.022426287,0.0,0.0,0.029042569,0.0,0.0,0.011768535,0.0,0.00975787,2.74e-05
k__Bacteria|p__Firmicutes|c__Clostridia|o__Clostridiales|f__Eubacteriaceae,0.0,0.0,0.0,0.0,0.0,0.0,0.0,0.0,0.0,0.0,0.001665877,0.005381759,0.0,0.0,0.0,0.0,0.001180602,0.0,0.0,0.0,0.003312509,0.0,0.0,0.0010675,0.0,0.0,0.008262194
k__Bacteria|p__Firmicutes|c__Clostridia|o__Clostridiales|f__Lachnospiraceae,0.0,0.0,7.18e-05,0.0,6.06e-05,0.000107991,0.000132013,0.0,0.038482364,0.0,0.066375266,0.126649372,0.000109492,0.044489975,1.05e-05,0.0,0.098199208,0.002686157,0.0,1.37e-05,0.082100828,0.0,0.0,0.05856929,0.000121161,8.77e-05,0.455848042
k__Bacteria|p__Firmicutes|c__Clostridia|o__Clostridiales|f__Peptococcaceae,0.0,0.0,0.0,0.0,0.0,0.0,0.0,0.0,0.0,0.0,0.0,0.0,0.0,0.0,0.0,0.0,0.0,0.0,0.0,0.0,0.0,0.0,0.0,0.0,0.0,0.0,0.0
k__Bacteria|p__Firmicutes|c__Clostridia|o__Clostridiales|f__Peptostreptococcaceae,0.0,0.0,1.2e-05,0.0,0.0,4.63e-05,0.0,0.0,0.0,0.0,0.054225062,0.0552317,2.99e-05,1.33e-05,0.0,0.0,0.076918479,0.0,0.0,0.0,0.029580125,0.0,0.0,0.058621363,0.0,0.0,0.011995279
k__Bacteria|p__Firmicutes|c__Clostridia|o__Clostridiales|f__Ruminococcaceae,9.64e-06,0.0,1.2e-05,0.0,0.0,3.09e-05,0.0,0.0,0.0,0.0,0.004050068,0.015982502,2.99e-05,0.00011974,0.0,0.0,0.007531944,0.000156172,1.15e-05,0.0,0.003646666,0.0,0.0,0.003358719,2.42e-05,0.0,0.026982515
k__Bacteria|p__Firmicutes|c__Clostridia|o__Clostridiales|f__Veillonellaceae,0.0,1.43e-05,0.002154992,0.066793449,0.261210309,0.367864857,0.601633663,0.640103865,0.215078136,0.164707683,0.395149088,0.015433135,0.036092531,0.2475154,0.719419161,0.094590124,0.081551222,0.102261369,5.76e-05,0.120746991,0.299041116,4.92e-05,0.637883896,0.084488707,0.022753983,0.296694349,0.006670144
k__Bacteria|p__Firmicutes|c__Clostridia|o__Clostridiales|f__[Mogibacteriaceae],0.0,0.0,0.0,0.0,0.0,0.0,0.0,0.0,0.0,0.0,0.000259816,3.05e-05,9.95e-06,0.0,0.0,0.0,0.0,0.0,0.0,0.0,0.0,0.0,0.0,6.51e-05,0.0,0.0,2.74e-05
k__Bacteria|p__Firmicutes|c__Clostridia|o__Clostridiales|f__[Tissierellaceae],2.89e-05,0.0,0.000323249,0.0,0.053365113,0.359333539,0.187937294,2.07e-05,0.001095539,0.001037609,0.219987468,0.323424386,0.000487737,0.059963014,0.123628137,0.08918373,0.259478443,0.053910545,2.31e-05,9.62e-05,0.147610054,0.0,0.013099851,0.428523075,0.000205973,0.217353726,0.118003898
k__Bacteria|p__Firmicutes|c__Erysipelotrichi|o__Erysipelotrichales|f__Erysipelotrichaceae,0.0,0.0,0.0,0.0,0.0,0.0,0.0,0.0,0.0,0.0,0.000229249,0.000213643,0.0,0.0,0.0,0.0,0.000112082,0.0,0.0,0.0,0.001423798,0.0,0.0,0.000130183,0.0,0.0,0.000466636
k__Bacteria|p__Fusobacteria|c__Fusobacteriia|o__Fusobacteriales|f__Fusobacteriaceae,0.0,0.0,0.0,0.0,0.0,0.000323974,0.0,0.0,0.0,0.0,0.000519631,3.05e-05,0.0,1.33e-05,0.001662545,0.0,0.0,0.0,0.0,0.0,0.007656545,0.0,0.0,0.0,0.0,0.0,0.0
k__Bacteria|p__Fusobacteria|c__Fusobacteriia|o__Fusobacteriales|f__Leptotrichiaceae,0.0,0.0,0.0,0.0,0.0,0.0,0.0,0.0,0.0,0.0,0.0,0.0,0.0,0.0,0.0,0.0,0.0,0.0,0.0,0.0,0.0,0.0,0.0,0.0,0.0,0.0,0.0
k__Bacteria|p__Gemmatimonadetes|c__Gemm-1|o__|f__,0.0,0.0,0.0,0.0,0.0,0.0,0.0,0.0,0.0,0.0,0.0,0.0,0.0,0.0,0.0,0.0,0.0,0.0,0.0,0.0,0.0,0.0,0.0,0.0,0.0,0.0,0.0
k__Bacteria|p__Lentisphaerae|c__[Lentisphaeria]|o__Victivallales|f__Victivallaceae,0.0,0.0,0.0,0.0,0.0,0.0,0.0,0.0,0.0,0.0,0.0,0.0,0.0,0.0,0.0,0.0,0.0,0.0,0.0,0.0,0.0,0.0,0.0,0.0,0.0,0.0,0.0
k__Bacteria|p__Proteobacteria|c__Alphaproteobacteria|o__Caulobacterales|f__Caulobacteraceae,0.0,0.0,0.0,0.0,0.0,0.0,0.0,0.0,0.0,0.0,0.0,0.0,0.0,0.0,0.0,0.0,0.0,0.0,0.0,0.0,0.0,0.0,0.0,0.0,0.0,0.0,0.0
k__Bacteria|p__Proteobacteria|c__Alphaproteobacteria|o__RF32|f__,0.0,0.0,0.0,0.0,0.0,0.0,0.0,0.0,0.0,0.0,0.0,0.0,0.0,0.0,0.0,0.0,0.0,0.0,0.0,0.0,0.0,0.0,0.0,0.0,0.0,0.0,0.0
k__Bacteria|p__Proteobacteria|c__Alphaproteobacteria|o__Rhizobiales|Other,0.0,0.0,0.0,0.0,0.0,0.0,0.0,0.0,0.0,0.0,0.0,0.0,0.0,0.0,0.0,0.0,0.0,0.0,0.0,0.0,0.0,0.0,0.0,0.0,0.0,0.0,0.0
k__Bacteria|p__Proteobacteria|c__Alphaproteobacteria|o__Rhizobiales|f__Aurantimonadaceae,0.0,0.0,0.0,0.0,0.0,0.0,0.0,0.0,0.0,0.0,0.0,0.0,0.0,0.0,0.0,0.0,0.0,0.0,0.0,0.0,0.0,0.0,0.0,0.0,0.0,0.0,0.0
k__Bacteria|p__Proteobacteria|c__Alphaproteobacteria|o__Rhizobiales|f__Beijerinckiaceae,0.0,0.0,0.0,0.0,0.0,0.0,0.0,0.0,0.0,0.0,0.0,0.0,0.0,0.0,0.0,0.0,0.0,0.0,0.0,0.0,0.0,0.0,0.0,0.0,0.0,0.0,0.0
k__Bacteria|p__Proteobacteria|c__Alphaproteobacteria|o__Rhizobiales|f__Bradyrhizobiaceae,0.0,0.0,0.0,0.0,0.0,0.0,0.0,0.0,0.0,0.0,0.0,0.0,0.0,0.0,0.0,0.0,0.0,0.0,0.0,0.0,0.0,0.0,0.0,0.0,0.0,0.0,0.0
k__Bacteria|p__Proteobacteria|c__Alphaproteobacteria|o__Rhizobiales|f__Brucellaceae,0.0,0.0,0.0,0.0,0.0,0.0,0.0,0.0,0.0,0.0,0.0,0.0,0.0,0.0,0.0,0.0,0.0,0.0,0.0,0.0,0.0,0.0,0.0,0.0,0.0,0.0,0.0
k__Bacteria|p__Proteobacteria|c__Alphaproteobacteria|o__Rhizobiales|f__Hyphomicrobiaceae,0.0,0.0,0.0,0.0,0.0,0.0,0.0,0.0,0.0,0.0,0.0,0.0,0.0,0.0,0.0,0.0,0.0,0.0,0.0,0.0,0.0,0.0,0.0,0.0,0.0,0.0,0.0
k__Bacteria|p__Proteobacteria|c__Alphaproteobacteria|o__Rhizobiales|f__Methylobacteriaceae,0.0,0.0,0.0,0.0,0.0,0.0,0.0,0.0,0.0,0.0,0.0,0.0,0.0,0.0,0.0,0.0,0.0,0.001030735,0.0,0.0,0.0,0.0,0.0,0.0,0.0,0.0,0.0
k__Bacteria|p__Proteobacteria|c__Alphaproteobacteria|o__Rhizobiales|f__Phyllobacteriaceae,0.0,0.0,0.0,0.0,0.0,0.0,0.0,0.0,0.0,0.0,0.0,0.0,0.0,0.0,0.0,0.0,0.0,0.0,0.0,0.0,0.0,0.0,0.0,0.0,0.0,0.0,0.0
k__Bacteria|p__Proteobacteria|c__Alphaproteobacteria|o__Rhizobiales|f__Rhizobiaceae,0.0,0.0,0.0,0.0,0.0,0.0,0.0,0.0,0.0,0.0,0.0,0.0,0.0,0.0,0.0,0.0,0.0,0.0,0.0,0.0,0.0,0.0,0.0,0.0,0.0,0.0,0.0
k__Bacteria|p__Proteobacteria|c__Alphaproteobacteria|o__Rhodobacterales|f__Rhodobacteraceae,0.0,0.0,0.0,0.0,0.0,0.0,0.0,0.0,0.0,0.0,0.0,0.0,0.0,0.0,0.0,0.0,0.0,0.0,0.0,0.0,0.0,0.0,0.0,0.0,0.0,0.0,0.0
k__Bacteria|p__Proteobacteria|c__Alphaproteobacteria|o__Sphingomonadales|f__Sphingomonadaceae,0.0,0.0,0.0,0.0,0.0,0.0,0.0,0.0,0.0,0.0,0.0,0.0,0.0,0.0,0.0,0.0,0.0,0.0,0.0,0.0,0.0,0.0,0.0,0.0,0.0,0.0,0.0
k__Bacteria|p__Proteobacteria|c__Betaproteobacteria|Other|Other,0.0,0.0,0.0,0.0,0.0,0.0,0.0,0.0,0.0,0.0,0.0,0.0,0.0,0.0,0.0,0.0,0.0,0.0,0.0,0.0,0.0,0.0,0.0,0.0,0.0,0.0,0.0
k__Bacteria|p__Proteobacteria|c__Betaproteobacteria|o__Burkholderiales|Other,0.0,0.0,0.0,0.0,0.0,0.0,0.0,0.0,0.0,0.0,0.0,0.0,0.0,0.0,0.0,0.0,0.0,0.0,0.0,0.0,0.0,0.0,0.0,0.0,0.0,0.0,0.0
k__Bacteria|p__Proteobacteria|c__Betaproteobacteria|o__Burkholderiales|f__Alcaligenaceae,0.0,0.0,0.0,0.0,0.0,1.54e-05,0.0,0.0,0.0,0.0,0.010728859,0.008362582,0.0,0.0,0.0,0.0,0.005992677,0.0,0.0,0.0,0.0,0.0,0.0,0.001861616,0.0,0.0,0.025610057
k__Bacteria|p__Proteobacteria|c__Betaproteobacteria|o__Burkholderiales|f__Burkholderiaceae,0.0,0.0,0.0,0.0,0.0,0.0,0.0,0.0,0.0,0.0,0.0,0.0,0.0,0.0,0.0,0.0,0.0,0.0,0.0,0.0,0.0,0.0,0.0,0.0,0.0,0.0,0.0
k__Bacteria|p__Proteobacteria|c__Betaproteobacteria|o__Burkholderiales|f__Comamonadaceae,0.0,0.0,0.0,5.82e-05,0.0,0.0,0.000115512,0.000765538,0.0,0.0,0.0,0.0,0.0,0.0,0.0,0.0,0.0,0.0,0.0,0.0,0.0,0.0,0.0,0.0,0.0,0.0,0.0
k__Bacteria|p__Proteobacteria|c__Betaproteobacteria|o__Burkholderiales|f__Oxalobacteraceae,0.0,0.0,0.0,0.0,0.0,0.0,0.0,0.0,0.0,0.0,0.0,0.0,0.0,0.0,0.0,0.0,0.0,0.0,0.0,0.0,0.0,0.0,0.0,0.0,0.0,0.0,0.0
k__Bacteria|p__Proteobacteria|c__Betaproteobacteria|o__Neisseriales|f__Neisseriaceae,0.0,0.0,0.0,0.0,4.04e-05,0.004412218,0.000676568,0.0,0.0,0.0,3.06e-05,0.0,0.0,0.0,0.00082075,0.0,0.0,0.0,0.0,0.0,0.001423798,0.0,0.0,0.0,0.0,0.000313154,0.0
k__Bacteria|p__Proteobacteria|c__Betaproteobacteria|o__Rhodocyclales|f__Rhodocyclaceae,0.0,0.0,0.0,0.0,0.0,0.0,0.0,0.0,0.0,0.0,0.0,0.0,0.0,0.0,0.0,0.0,0.0,0.0,0.0,0.0,0.0,0.0,0.0,0.0,0.0,0.0,0.0
k__Bacteria|p__Proteobacteria|c__Deltaproteobacteria|o__Bdellovibrionales|f__Bacteriovoracaceae,0.0,0.0,0.0,0.0,0.0,0.0,0.0,0.0,0.0,0.0,0.0,0.0,0.0,0.0,0.0,0.0,0.0,0.0,0.0,0.0,0.0,0.0,0.0,0.0,0.0,0.0,0.0
k__Bacteria|p__Proteobacteria|c__Deltaproteobacteria|o__Desulfovibrionales|f__Desulfovibrionaceae,0.0,0.0,0.0,0.0,0.0,0.0,0.0,0.0,0.0,0.0,0.0,0.0,0.0,0.0,0.0,0.0,0.0,0.0,0.0,0.0,0.0,0.0,0.0,0.0,0.0,0.0,0.0
k__Bacteria|p__Proteobacteria|c__Epsilonproteobacteria|o__Campylobacterales|f__Campylobacteraceae,0.0,0.0,0.0,0.0,0.0,0.0,0.0,0.0,0.0,0.0,3.06e-05,0.000132255,9.95e-06,0.0,2.1e-05,0.0,0.0,3.12e-05,0.0,1.37e-05,0.000493971,0.0,0.0,0.0,0.0,0.0,2.74e-05
k__Bacteria|p__Proteobacteria|c__Epsilonproteobacteria|o__Campylobacterales|f__Helicobacteraceae,0.0,0.0,0.0,0.0,0.0,0.0,0.0,0.0,0.0,0.0,0.0,0.0,0.0,0.0,0.0,0.0,0.0,0.0,0.0,0.0,0.0,0.0,0.0,0.0,0.0,0.0,0.0
k__Bacteria|p__Proteobacteria|c__Gammaproteobacteria|o__Aeromonadales|f__Aeromonadaceae,0.0,0.0,0.0,0.0,0.0,0.0,0.0,0.0,0.0,0.0,0.0,0.0,0.0,0.0,0.0,0.0,0.0,0.0,0.0,0.0,0.0,0.0,0.0,0.0,0.0,0.0,0.0
k__Bacteria|p__Proteobacteria|c__Gammaproteobacteria|o__Alteromonadales|f__Shewanellaceae,0.0,0.0,0.0,0.0,0.0,0.0,0.0,0.0,0.0,0.0,0.0,0.0,0.0,0.0,0.0,0.0,0.0,0.0,0.0,0.0,0.0,0.0,0.0,0.0,0.0,0.0,0.0
k__Bacteria|p__Proteobacteria|c__Gammaproteobacteria|o__Enterobacteriales|f__Enterobacteriaceae,0.830913403,0.72393297,0.581584398,0.887293332,0.581380787,0.148164147,0.053151815,0.254448399,0.677206503,0.773001752,0.098989775,0.122040796,0.625049769,0.487806501,0.070195191,0.401187491,0.080796533,0.350637181,8.07e-05,0.777084593,0.060206305,0.650875102,0.205706235,0.045095359,0.751305507,0.251988526,0.020916253
k__Bacteria|p__Proteobacteria|c__Gammaproteobacteria|o__Oceanospirillales|f__Halomonadaceae,0.0,0.0,0.0,0.0,0.0,0.0,0.0,0.0,0.0,0.0,0.0,0.0,0.0,0.0,0.0,0.0,0.0,0.0,0.0,0.0,0.0,0.0,0.0,0.0,0.0,0.0,0.0
k__Bacteria|p__Proteobacteria|c__Gammaproteobacteria|o__Pasteurellales|f__Pasteurellaceae,0.0,0.0,1.2e-05,0.0,0.00048477,0.0,0.000214521,0.0,0.003979197,0.0,0.000504348,0.010234498,0.0,0.0,0.000126269,0.0,0.005185683,0.000343578,0.0,0.0,0.002484382,0.0,6.71e-05,0.0,0.0,7.52e-05,5.49e-05
k__Bacteria|p__Proteobacteria|c__Gammaproteobacteria|o__Pseudomonadales|f__Moraxellaceae,0.0,0.0,0.0,0.0,0.0,0.0,0.0,0.0,0.0,0.0,0.0,0.0,0.0,0.0,0.0,0.0,0.0,0.0,0.0,0.0,0.0,0.0,0.0,0.0,0.0,0.0,0.0
k__Bacteria|p__Proteobacteria|c__Gammaproteobacteria|o__Pseudomonadales|f__Pseudomonadaceae,0.0,0.0,0.0,0.0,0.0,0.0,0.0,0.0,0.0,0.0,0.0,0.000620581,0.0,0.0,0.0,0.0,0.000186804,0.0,0.0,0.0,0.0,0.0,0.0,3.91e-05,0.0,0.0,0.000192144
k__Bacteria|p__Proteobacteria|c__Gammaproteobacteria|o__Xanthomonadales|f__Xanthomonadaceae,0.0,0.0,0.0,0.0,0.0,0.0,0.0,0.0,0.0,0.0,0.0,0.0,0.0,0.0,0.0,0.0,7.47e-06,0.0,0.0,0.0,0.0,0.0,0.0,0.0,0.0,0.0,0.0
k__Bacteria|p__Spirochaetes|c__[Brachyspirae]|o__[Brachyspirales]|f__Brachyspiraceae,0.0,0.0,0.0,0.0,0.0,0.0,0.0,0.0,0.0,0.0,0.0,0.0,0.0,0.0,0.0,0.0,0.0,0.0,0.0,0.0,0.0,0.0,0.0,0.0,0.0,0.0,0.0
k__Bacteria|p__Synergistetes|c__Synergistia|o__Synergistales|f__Dethiosulfovibrionaceae,0.0,0.0,0.0,0.0,0.0,6.17e-05,0.0,0.0,0.0,0.0,0.0,0.0,0.0,0.0,0.0,0.0,0.0,0.0,0.0,0.0,0.0,0.0,0.0,0.0,0.0,0.0,0.0
k__Bacteria|p__TM7|c__TM7-3|Other|Other,0.0,0.0,0.0,0.0,0.0,0.0,0.0,0.0,0.0,0.0,0.0,0.0,0.0,0.0,0.0,0.0,0.0,0.0,0.0,0.0,0.0,0.0,0.0,0.0,0.0,0.0,0.0
k__Bacteria|p__TM7|c__TM7-3|o__CW040|f__,0.0,0.0,0.0,0.0,0.0,0.0,0.0,0.0,0.0,0.0,0.0,0.0,0.0,0.0,0.0,0.0,0.0,0.0,0.0,0.0,0.0,0.0,0.0,0.0,0.0,0.0,0.000109797
k__Bacteria|p__TM7|c__TM7-3|o__EW055|f__,0.0,0.0,0.0,0.0,0.0,0.0,0.0,0.0,0.0,0.0,0.0,0.0,0.0,0.0,0.0,0.0,0.0,0.0,0.0,0.0,0.0,0.0,0.0,0.0,0.0,0.0,0.0
k__Bacteria|p__TM7|c__TM7-3|o__|f__,0.0,0.0,0.0,0.0,0.0,0.0,0.0,0.0,0.0,0.0,0.0,0.0,0.0,0.00023948,0.0,0.0,0.0,0.0,0.0,0.0,0.0,0.0,0.0,0.0,0.0,0.0,0.000219593
k__Bacteria|p__Tenericutes|c__Mollicutes|o__Mycoplasmatales|f__Mycoplasmataceae,0.0,0.0,4.79e-05,0.0,0.0,0.0,0.0,0.0,0.0,0.0,0.0,1.02e-05,9.95e-06,0.0,0.0,6.96e-05,0.0,0.0,0.0,0.0,0.0,0.0,0.0,0.0,0.0,0.0,0.0
k__Bacteria|p__Tenericutes|c__RF3|o__ML615J-28|f__,0.0,0.0,0.0,0.0,0.0,0.0,0.0,0.0,0.0,0.0,0.0,0.0,0.0,0.0,0.0,0.0,0.0,0.0,0.0,0.0,0.0,0.0,0.0,0.0,0.0,0.0,0.0
k__Bacteria|p__Verrucomicrobia|c__Verrucomicrobiae|o__Verrucomicrobiales|f__Verrucomicrobiaceae,0.0,0.0,0.0,0.0,0.0,0.0,0.0,0.0,0.0,0.0,0.0,0.0,0.0,0.0,0.0,0.0,0.0,0.0,0.0,0.0,0.0,0.0,0.0,0.0,0.0,0.0,0.0
k__Bacteria|p__WPS-2|c__|o__|f__,0.0,0.0,0.0,0.0,0.0,0.0,0.0,0.0,0.0,0.0,0.0,0.0,0.0,0.0,0.0,0.0,0.0,0.0,0.0,0.0,0.0,0.0,0.0,0.0,0.0,0.0,0.0
k__Bacteria|p__[Thermi]|c__Deinococci|o__Deinococcales|f__Deinococcaceae,0.0,0.0,0.0,0.0,0.0,0.0,0.0,0.0,0.0,0.0,0.0,0.0,0.0,0.0,0.0,0.0,0.0,0.0,0.0,0.0,0.0,0.0,0.0,0.0,0.0,0.0,0.0
k__Bacteria|p__[Thermi]|c__Deinococci|o__Thermales|f__Thermaceae,0.0,0.0,0.0,0.0,0.0,0.0,0.000165017,0.0,0.0,0.0,0.0,0.0,0.0,0.0,0.0,0.0,0.0,0.0,0.0,0.0,0.0,0.0,0.0,0.0,0.0,0.0,0.0
