OTU ID,1,2,3,4,5,6,7,8,9,10,11,12,13,14,15,16,17,18,19,20,21,22,23,24
ParticipantID,,,,,,,,,,,,,,,,,,,,,,,,
Unclassified|Other|Other|Other|Other,0.0,0.0,0.0,0.0,0.0,0.0,0.0,0.0,0.0,0.0,0.0,0.0,0.0,0.0,0.0,0.0,0.0,0.0,0.0,0.0,0.0,0.0,0.0,0.0
k__Bacteria|Other|Other|Other|Other,0.0,0.00034389,0.000101327,0.0,0.0,0.0,0.0,0.0,0.00013541,0.0,0.0,7.13e-05,0.0,0.0,0.0,4.46e-05,0.0,0.0,0.0,0.0,3.06e-05,0.0,2.5e-05,0.0
k__Bacteria|p__Actinobacteria|c__Acidimicrobiia|o__Acidimicrobiales|f__C111,0.0,0.0,0.0,0.0,0.0,0.0,0.0,0.0,0.0,0.0,0.0,0.0,0.0,0.0,0.0,0.0,0.0,0.0,0.0,0.0,0.0,0.0,0.0,0.0
k__Bacteria|p__Actinobacteria|c__Actinobacteria|o__Actinomycetales|Other,0.0,0.000218839,0.000126659,0.0,0.0,0.0,0.0,0.0,6.25e-05,0.0,0.030885157,0.000713487,0.0,0.0,0.0,0.0,0.0,0.0,0.0,0.001095333,6.12e-05,0.0,0.000274677,0.0
k__Bacteria|p__Actinobacteria|c__Actinobacteria|o__Actinomycetales|f__,0.0,0.0,0.0,0.0,0.0,0.0,0.0,0.0,0.0,0.0,0.0,0.0,0.0,0.0,0.0,0.0,0.0,0.0,0.0,0.0,0.0,0.0,0.0,0.0
k__Bacteria|p__Actinobacteria|c__Actinobacteria|o__Actinomycetales|f__Actinomycetaceae,0.0,0.014537156,0.003267808,0.0,3.44e-05,0.000661401,0.000138427,0.0,0.000656216,0.0,0.206242151,0.007372702,0.0,0.005157896,0.0,0.000609086,0.0,1.98e-05,1.12e-05,0.002242825,0.004040651,0.00561039,0.007316403,0.004586787
k__Bacteria|p__Actinobacteria|c__Actinobacteria|o__Actinomycetales|f__Corynebacteriaceae,0.0,0.0,0.0,0.0,3.44e-05,0.0,0.0,0.0,0.0,5.47e-05,4.65e-05,2.38e-05,0.0,0.0,0.0,0.00010399,0.0,0.000951041,0.000224313,0.0,0.0,2.08e-05,0.002422154,0.000523055
k__Bacteria|p__Actinobacteria|c__Actinobacteria|o__Actinomycetales|f__Dermabacteraceae,0.0,0.0,0.0,0.0,0.0,0.0,0.0,0.0,0.0,0.0,0.0,0.0,0.0,0.0,0.0,0.0,0.0,0.0,0.0,0.0,0.0,0.0,0.0,0.0
k__Bacteria|p__Actinobacteria|c__Actinobacteria|o__Actinomycetales|f__Dermacoccaceae,0.0,0.0,0.0,0.0,0.0,0.0,0.0,0.0,0.0,0.0,0.0,0.0,0.0,0.0,0.0,0.0,0.0,0.0,0.0,0.0,0.0,0.0,0.0,0.0
k__Bacteria|p__Actinobacteria|c__Actinobacteria|o__Actinomycetales|f__Geodermatophilaceae,0.0,0.0,0.0,0.0,0.0,0.0,0.0,0.0,0.0,0.0,0.0,0.0,0.0,0.0,0.0,0.0,0.0,0.0,0.0,0.0,0.0,0.0,0.0,0.0
k__Bacteria|p__Actinobacteria|c__Actinobacteria|o__Actinomycetales|f__Gordoniaceae,0.0,0.0,0.0,0.0,0.0,0.0,0.0,0.0,0.0,0.0,0.0,0.0,0.0,0.0,0.0,0.0,0.0,0.0,0.0,0.0,0.0,0.0,0.0,0.0
k__Bacteria|p__Actinobacteria|c__Actinobacteria|o__Actinomycetales|f__Intrasporangiaceae,0.0,0.0,0.0,0.0,0.0,0.0,0.0,0.0,0.0,0.0,0.0,0.0,0.0,0.0,0.0,0.0,0.0,0.0,0.0,0.0,0.0,0.0,0.0,0.0
k__Bacteria|p__Actinobacteria|c__Actinobacteria|o__Actinomycetales|f__Kineosporiaceae,0.0,0.0,0.0,0.0,0.0,0.0,0.0,0.0,0.0,0.0,0.0,0.0,0.0,0.0,0.0,0.0,0.0,0.0,0.0,0.0,0.0,0.0,0.0,0.0
k__Bacteria|p__Actinobacteria|c__Actinobacteria|o__Actinomycetales|f__Microbacteriaceae,0.0,0.0,0.0,0.0,0.0,0.0,0.0,0.0,0.0,0.0,0.0,0.0,0.0,0.0,0.0,0.0,0.0,0.0,0.0,0.0,0.0,0.0,0.0,0.0
k__Bacteria|p__Actinobacteria|c__Actinobacteria|o__Actinomycetales|f__Micrococcaceae,0.051071366,0.002188389,0.002102543,0.0,0.0,0.001283897,0.000311462,0.0,0.000229155,0.034481816,0.01521001,0.002235594,0.0,0.001175589,0.001365671,0.000564519,0.012340102,1.98e-05,5.61e-05,3.91e-05,0.001132607,0.000477922,0.004095188,0.003419973
k__Bacteria|p__Actinobacteria|c__Actinobacteria|o__Actinomycetales|f__Mycobacteriaceae,0.0,3.13e-05,0.0,0.0,0.0,0.0,0.0,0.0,0.0,0.0,0.0,0.0,0.0,0.0,0.0,0.0,0.0,0.0,0.0,0.0,0.0,0.0,0.0,0.0
k__Bacteria|p__Actinobacteria|c__Actinobacteria|o__Actinomycetales|f__Nocardioidaceae,0.0,0.0,0.0,0.0,0.0,0.0,0.0,0.0,0.0,0.0,0.0,0.0,0.0,0.0,0.0,0.0,0.0,0.0,0.0,0.0,0.0,0.0,0.0,0.0
k__Bacteria|p__Actinobacteria|c__Actinobacteria|o__Actinomycetales|f__Nocardiopsaceae,0.0,0.0,0.0,0.0,0.0,0.0,0.0,0.0,0.0,0.0,0.0,0.0,0.0,0.0,0.0,0.0,0.0,0.0,0.0,0.0,0.0,0.0,0.0,0.0
k__Bacteria|p__Actinobacteria|c__Actinobacteria|o__Actinomycetales|f__Promicromonosporaceae,0.0,0.0,0.0,0.0,0.0,0.0,0.0,0.0,0.0,0.0,0.0,0.0,0.0,0.0,0.0,0.0,0.0,0.0,0.0,0.0,0.0,0.0,0.0,0.0
k__Bacteria|p__Actinobacteria|c__Actinobacteria|o__Actinomycetales|f__Propionibacteriaceae,0.0,0.0,0.0,1.48e-05,3.44e-05,0.0,0.0,0.0,0.0,2.73e-05,0.0,0.0,0.0,0.0,0.0,0.0,0.0,0.0,0.0,0.0,0.0,6.23e-05,2.5e-05,0.0
k__Bacteria|p__Actinobacteria|c__Actinobacteria|o__Actinomycetales|f__Pseudonocardiaceae,0.0,0.0,0.0,0.0,0.0,0.0,0.0,0.0,0.0,0.0,0.0,0.0,0.0,0.0,0.0,0.0,0.0,0.0,0.0,0.0,0.0,0.0,0.0,0.0
k__Bacteria|p__Actinobacteria|c__Actinobacteria|o__Actinomycetales|f__Sporichthyaceae,0.0,0.0,0.0,0.0,0.0,0.0,0.0,0.0,0.0,0.0,0.0,0.0,0.0,0.0,0.0,0.0,0.0,0.0,0.0,0.0,0.0,0.0,0.0,0.0
k__Bacteria|p__Actinobacteria|c__Actinobacteria|o__Bifidobacteriales|f__Bifidobacteriaceae,0.0,0.0,0.0,0.0,0.0,0.0,0.0,0.0,0.0,0.0,0.0,0.0,0.0,0.0,0.0,0.0,0.0,0.0,0.0,0.0,0.0,0.0,0.0,0.0
k__Bacteria|p__Actinobacteria|c__Coriobacteriia|o__Coriobacteriales|f__Coriobacteriaceae,0.0,0.004720668,0.00040531,0.0,0.0,0.000103749,1.73e-05,0.0,7.29e-05,0.0,0.068142704,0.01422218,0.0,0.001013945,0.0,4.46e-05,0.00114367,0.0,0.0,0.005359308,0.000244888,0.000332468,0.001198592,0.000603525
k__Bacteria|p__Actinobacteria|c__Thermoleophilia|o__Solirubrobacterales|f__,0.0,0.0,0.0,0.0,0.0,0.0,0.0,0.0,0.0,0.0,0.0,0.0,0.0,0.0,0.0,0.0,0.0,0.0,0.0,0.0,0.0,0.0,0.0,0.0
k__Bacteria|p__Actinobacteria|c__Thermoleophilia|o__Solirubrobacterales|f__Patulibacteraceae,0.0,0.0,0.0,0.0,0.0,0.0,0.0,0.0,0.0,0.0,0.0,0.0,0.0,0.0,0.0,0.0,0.0,0.0,0.0,0.0,0.0,0.0,0.0,0.0
k__Bacteria|p__Bacteroidetes|Other|Other|Other,0.0,0.0,0.0,0.0,0.0,0.0,0.0,0.0,0.0,0.0,0.0,0.0,0.0,0.0,0.0,0.0,0.0,0.0,0.0,0.0,0.0,0.0,0.0,0.0
k__Bacteria|p__Bacteroidetes|c__Bacteroidia|o__Bacteroidales|Other,0.0,0.0,0.0,0.0,0.0,0.0,0.0,0.0,1.04e-05,0.0,0.0,0.0,0.0,0.0,0.0,0.0,8.65e-05,0.0,0.0,0.000117357,0.0,0.0,0.0,0.0
k__Bacteria|p__Bacteroidetes|c__Bacteroidia|o__Bacteroidales|f__Bacteroidaceae,0.0,0.0,0.0,0.0,0.0,0.0,0.0,0.0,0.0,0.0,0.0,0.0,0.0,0.0,0.0,0.0,0.0,0.0,0.0,0.0,0.0,0.0,0.0,0.0
k__Bacteria|p__Bacteroidetes|c__Bacteroidia|o__Bacteroidales|f__Porphyromonadaceae,0.0,0.000656517,0.001266592,0.0,0.0,0.014109896,0.022511766,0.0,0.030758815,0.0,0.0,0.000118915,0.00016086,0.000279202,0.001390961,0.0736251,0.0,0.0,2.24e-05,0.0,0.000336721,0.011802597,0.008490024,0.012110727
k__Bacteria|p__Bacteroidetes|c__Bacteroidia|o__Bacteroidales|f__Prevotellaceae,0.0,0.011723513,0.010842031,0.0,0.000137765,0.004772465,6.92e-05,0.0,0.002697776,0.0,0.441183311,0.056746022,0.0,0.043658433,0.0,0.002896871,0.012686087,0.0,1.12e-05,0.044191475,0.01077507,0.068716883,0.02764252,0.057173896
k__Bacteria|p__Bacteroidetes|c__Bacteroidia|o__Bacteroidales|f__[Paraprevotellaceae],0.0,0.000875356,0.000177323,0.0,0.0,0.002100922,0.000917082,0.0,0.013290974,0.000109379,0.0,2.38e-05,0.0,1.47e-05,0.0,0.009849363,5.77e-05,0.0,0.0,6.52e-05,0.0,0.002036364,0.007116638,0.030538344
k__Bacteria|p__Bacteroidetes|c__Cytophagia|o__Cytophagales|f__Cytophagaceae,0.0,0.0,0.0,1.48e-05,0.0,0.0,0.0,0.0,0.0,0.0,0.0,0.0,0.0,0.0,0.0,0.0,0.0,0.0,0.0,0.0,0.0,0.0,0.0,0.0
k__Bacteria|p__Bacteroidetes|c__Flavobacteriia|o__Flavobacteriales|f__Flavobacteriaceae,0.0,0.0,0.0,0.0,0.0,7.78e-05,3.46e-05,0.0,0.0,0.0,0.0,0.0,0.0,0.0,0.0,1.49e-05,0.0,0.0,0.0,0.0,0.0,0.0,0.0,0.003943027
k__Bacteria|p__Bacteroidetes|c__Flavobacteriia|o__Flavobacteriales|f__[Weeksellaceae],0.0,0.000125051,0.000303982,0.0,0.0,0.000129687,0.000173034,0.0,0.000437477,0.0,0.0,0.000499441,0.0,0.000102864,0.0,0.00108447,0.0,0.0,0.0,0.0,0.000459165,0.000228571,0.001423328,0.002132454
k__Bacteria|p__Bacteroidetes|c__Sphingobacteriia|o__Sphingobacteriales|f__Sphingobacteriaceae,0.0,0.0,0.0,0.0,0.0,0.0,0.0,0.0,0.0,0.0,0.0,7.13e-05,0.0,0.0,0.0,0.0,0.0,0.0,0.0,0.0,0.0,0.0,0.0,0.0
k__Bacteria|p__Bacteroidetes|c__[Saprospirae]|o__[Saprospirales]|f__Chitinophagaceae,0.0,0.0,0.0,0.0,0.0,0.0,0.0,0.0,0.0,0.0,0.0,0.0,0.0,0.0,0.0,0.0,0.0,0.0,0.0,0.0,0.0,0.0,0.0,0.0
k__Bacteria|p__Chlorobi|c__OPB56|o__|f__,0.0,0.0,0.0,0.0,0.0,0.0,0.0,0.0,0.0,0.0,0.0,0.0,0.0,0.0,0.0,0.0,0.0,0.0,0.0,0.0,0.0,0.0,0.0,0.0
k__Bacteria|p__Chloroflexi|c__Anaerolineae|o__SHA-20|f__,0.0,0.0,0.0,0.0,0.0,0.0,0.0,0.0,0.0,0.0,0.0,0.0,0.0,0.0,0.0,0.0,0.0,0.0,0.0,0.0,0.0,0.0,0.0,0.0
k__Bacteria|p__Chloroflexi|c__Ktedonobacteria|o__Thermogemmatisporales|f__Thermogemmatisporaceae,0.0,0.0,0.0,0.0,0.0,0.0,0.0,0.0,0.0,0.0,0.0,0.0,0.0,0.0,0.0,0.0,0.0,0.0,0.0,0.0,0.0,0.0,0.0,0.0
k__Bacteria|p__Cyanobacteria|c__4C0d-2|o__MLE1-12|f__,0.0,0.0,0.0,0.0,0.0,0.0,0.0,0.0,0.0,0.0,0.0,0.0,0.0,0.0,0.0,0.0,0.0,0.0,0.0,0.0,0.0,0.0,0.0,0.0
k__Bacteria|p__Cyanobacteria|c__Chloroplast|o__Streptophyta|f__,0.0,0.0,0.0,0.0,0.0,7.78e-05,0.0,0.0,0.0,0.0,0.0,0.0,0.0,0.0,0.0,0.0,0.0,0.0,0.0,0.0,3.06e-05,0.0,0.0,0.0
k__Bacteria|p__Cyanobacteria|c__ML635J-21|o__|f__,0.0,0.0,0.0,0.0,0.0,0.0,0.0,0.0,0.0,0.0,0.0,0.0,0.0,0.0,0.0,0.0,0.0,0.0,0.0,0.0,0.0,0.0,0.0,0.0
k__Bacteria|p__Firmicutes|Other|Other|Other,0.0,0.000656517,0.00040531,0.0,0.0,0.000453903,0.000138427,0.0,0.000218739,0.0,0.0,0.000832402,0.0,0.002865498,0.001492122,0.001069614,9.61e-06,0.0,0.0,0.00080846,0.001040774,0.000207792,7.49e-05,0.002655508
k__Bacteria|p__Firmicutes|c__Bacilli|Other|Other,0.387695256,0.000531466,0.000607964,0.001569278,0.40637162,0.000544683,0.001470792,0.001779317,0.011843133,0.011211375,4.65e-05,0.000380527,0.000390661,0.000558405,0.001517412,0.002347209,9.61e-06,0.021220107,0.000863606,0.004368293,0.001377495,8.31e-05,0.000699178,0.001891044
k__Bacteria|p__Firmicutes|c__Bacilli|o__Bacillales|Other,0.0,0.0,0.0,0.0,0.0,0.0,0.0,0.0,0.0,0.0,0.0,0.0,0.0,0.0,0.0,0.0,0.0,0.0,0.0,0.0,0.0,0.0,0.0,0.0
k__Bacteria|p__Firmicutes|c__Bacilli|o__Bacillales|f__Bacillaceae,0.0,0.0,0.0,0.0,0.0,0.0,0.0,0.0,0.0,0.0,0.0,0.0,0.0,0.0,0.0,0.0,0.0,0.0,0.0,0.0,0.0,0.0,0.0,0.0
k__Bacteria|p__Firmicutes|c__Bacilli|o__Bacillales|f__Listeriaceae,0.0,0.0,0.0,0.0,0.0,0.0,0.0,0.0,0.0,0.0,0.0,0.0,0.0,0.0,0.0,4.46e-05,0.0,0.0,0.0,0.0,0.0,0.0,0.0,0.0
k__Bacteria|p__Firmicutes|c__Bacilli|o__Bacillales|f__Planococcaceae,0.0,0.0,0.0,0.0,0.0,0.0,0.0,0.0,0.0,0.0,0.0,0.0,0.0,0.0,0.0,0.0,0.0,0.0,0.0,0.0,0.0,0.0,0.0,0.0
k__Bacteria|p__Firmicutes|c__Bacilli|o__Bacillales|f__Staphylococcaceae,0.057110505,0.0,0.0,0.993826521,0.02111245,1.3e-05,0.0,0.992522061,0.0,0.005550998,0.000790734,0.0,0.226399485,0.0,0.0,0.0,0.0,0.368488835,0.033288097,0.046069189,3.06e-05,0.0,0.0,0.0
k__Bacteria|p__Firmicutes|c__Bacilli|o__Bacillales|f__[Exiguobacteraceae],0.0,0.0,0.0,0.0,0.0,0.0,0.0,0.0,0.0,0.0,0.0,0.0,0.0,0.0,0.0,0.0,0.0,0.0,0.0,0.0,0.0,0.0,0.0,0.0
k__Bacteria|p__Firmicutes|c__Bacilli|o__Gemellales|f__,0.000783927,0.0,0.0,0.0,0.000344412,0.0,0.0,2.4e-05,0.0,2.73e-05,0.0,0.0,0.0,0.0,0.0,0.0,0.0,0.0,2.24e-05,3.91e-05,0.0,0.0,0.0,0.0
k__Bacteria|p__Firmicutes|c__Bacilli|o__Gemellales|f__Gemellaceae,0.0,0.005283396,0.021658729,0.0,3.44e-05,0.022228274,0.016040282,0.0,0.031654601,0.000164069,0.0,0.010321783,0.0,0.007832361,0.033029008,0.02761684,9.61e-06,0.0,0.0,0.014956513,0.010499571,0.007750649,0.023022948,0.022370645
k__Bacteria|p__Firmicutes|c__Bacilli|o__Lactobacillales|Other,0.0,0.0,0.0,0.0,0.0,6.48e-05,0.000397979,0.0,0.000666632,0.0,0.0,0.0,0.0,0.000117559,0.0,0.000401105,0.0,0.0,0.0,0.0,3.06e-05,0.0,2.5e-05,0.000201175
k__Bacteria|p__Firmicutes|c__Bacilli|o__Lactobacillales|f__,0.0,0.0,0.0,0.0,0.0,0.0,0.0,0.0,0.0,0.0,0.0,0.0,0.0,0.0,0.0,0.0,0.0,0.0,0.0,0.0,0.0,0.0,0.0,0.0
k__Bacteria|p__Firmicutes|c__Bacilli|o__Lactobacillales|f__Aerococcaceae,0.0,0.0,0.0,0.0,0.0,0.0,0.000415282,0.0,0.0,0.0,0.0,0.0,0.0001149,0.0,0.0,0.0,0.0,0.0,0.0,0.0,0.0,0.0,0.0,0.001569164
k__Bacteria|p__Firmicutes|c__Bacilli|o__Lactobacillales|f__Carnobacteriaceae,0.0,0.019539188,0.012463269,0.0,0.000241088,0.025392626,0.051200858,0.0,0.039362533,2.73e-05,0.0,0.000118915,0.0,0.015194486,0.0,0.040526488,3.84e-05,0.0,2.24e-05,2.61e-05,0.011724011,0.018638961,0.020151322,0.034481371
k__Bacteria|p__Firmicutes|c__Bacilli|o__Lactobacillales|f__Enterococcaceae,0.360838511,0.0,0.0,0.0,0.198760117,1.3e-05,0.0,0.0,0.0,0.507738584,0.0,2.38e-05,0.0,0.0,0.015831668,0.0,2.88e-05,0.126567732,0.606442279,1.3e-05,0.0,0.0,0.0,0.0
k__Bacteria|p__Firmicutes|c__Bacilli|o__Lactobacillales|f__Lactobacillaceae,0.007636026,0.0,0.0,0.0,0.0,0.0,0.0,0.0,0.0,0.092863002,0.022512675,2.38e-05,0.0,0.0,0.050099896,0.0,0.121094463,0.0,0.000919685,0.031034438,0.0,0.0,0.0,0.0
k__Bacteria|p__Firmicutes|c__Bacilli|o__Lactobacillales|f__Leuconostocaceae,0.0,0.0,0.0,0.0,0.0,0.0,0.0,0.0,0.0,0.0,0.0,0.0,0.0,0.0,0.0,7.43e-05,0.0,0.0,0.0,0.0,0.0,0.0,0.0,0.0
k__Bacteria|p__Firmicutes|c__Bacilli|o__Lactobacillales|f__Streptococcaceae,0.001509785,0.79069622,0.829542,4.44e-05,0.002927501,0.822316461,0.898619186,0.000120224,0.768866205,2.73e-05,0.135308619,0.749898923,0.000735362,0.746675288,0.510836853,0.668568203,0.746422427,0.003526778,0.000762665,0.664176088,0.808099669,0.719833766,0.755637126,0.557737185
k__Bacteria|p__Firmicutes|c__Bacilli|o__Turicibacterales|f__Turicibacteraceae,0.0,0.0,0.0,0.0,0.0,0.0,0.0,0.0,0.0,0.0,0.0,0.0,0.0,0.0,0.0,0.0,0.0,0.0,0.0,0.0,0.0,0.0,0.0,0.0
k__Bacteria|p__Firmicutes|c__Clostridia|o__Clostridiales|Other,0.0,6.25e-05,0.0,0.0,0.0,0.000453903,1.73e-05,0.0,0.000729129,0.0,0.0,0.0,0.0,0.007127008,0.0,5.94e-05,0.0,0.0,0.0,0.0,0.0,0.000685714,9.99e-05,0.0
k__Bacteria|p__Firmicutes|c__Clostridia|o__Clostridiales|f__,0.0,0.0,0.0,0.0,0.0,2.59e-05,0.0,0.0,0.0,0.0,0.0,0.0,0.0,0.0,0.0,0.0,0.0,0.0,0.0,0.0,0.0,0.0,0.0,0.0
k__Bacteria|p__Firmicutes|c__Clostridia|o__Clostridiales|f__Clostridiaceae,0.0,0.0,0.0,1.48e-05,0.0,0.0,0.0,0.0,0.0,0.0,0.0,0.0,0.0,0.0,0.0,0.0,0.0,0.0,0.0,0.0,0.0,0.0,0.0,0.0
k__Bacteria|p__Firmicutes|c__Clostridia|o__Clostridiales|f__Lachnospiraceae,0.0,0.009628912,0.006915594,0.0,0.0,0.000337185,6.92e-05,0.0,0.002062393,0.0,0.0,0.009275335,0.0,0.075428723,0.003211856,0.000831922,0.0,0.0,2.24e-05,0.001486523,0.006550753,0.025080519,0.006217694,0.005552426
k__Bacteria|p__Firmicutes|c__Clostridia|o__Clostridiales|f__Peptococcaceae,0.0,0.0,0.0,0.0,0.0,0.0,0.0,0.0,0.0,0.0,0.0,0.0,0.0,0.0,0.0,0.0,0.0,0.0,0.0,0.0,0.0,0.0,0.0,0.0
k__Bacteria|p__Firmicutes|c__Clostridia|o__Clostridiales|f__Peptostreptococcaceae,0.0,0.0,2.53e-05,0.0,0.0,0.0,0.0,0.0,2.08e-05,0.0,0.0,0.0,0.0,0.0,0.0,0.0,0.0,0.0,0.0,0.0,0.0,0.0,0.0,0.0
k__Bacteria|p__Firmicutes|c__Clostridia|o__Clostridiales|f__Ruminococcaceae,0.0,0.0,0.0,0.0,0.0,0.0,0.0,0.0,0.0,0.0,0.0,0.0,0.0,0.0,0.0,0.0,0.0,0.0,0.0,0.0,0.0,0.0,0.0,0.0
k__Bacteria|p__Firmicutes|c__Clostridia|o__Clostridiales|f__Veillonellaceae,0.0,0.133648045,0.104696524,0.0,0.00027553,0.072663373,0.004983389,0.0,0.039466694,0.0,0.076840783,0.13584798,0.0,0.091196309,0.333653676,0.042962831,0.105851938,0.0,0.006718184,0.182594635,0.137841313,0.126441558,0.120808051,0.14540919
k__Bacteria|p__Firmicutes|c__Clostridia|o__Clostridiales|f__[Mogibacteriaceae],0.0,3.13e-05,0.000177323,0.0,0.0,0.0,0.0,0.0,3.12e-05,0.0,0.0,4.76e-05,0.0,0.000352677,0.0,0.0,0.0,0.0,0.0,0.0,0.000153055,0.000166234,0.000524384,0.0
k__Bacteria|p__Firmicutes|c__Clostridia|o__Clostridiales|f__[Tissierellaceae],0.0,0.0,0.0,0.0,0.0,0.0,0.0,0.0,0.0,0.0,0.0,0.0,0.0,0.0,0.0,0.0,0.0,0.0,0.0,1.3e-05,0.0,0.0,2.5e-05,0.0
k__Bacteria|p__Firmicutes|c__Erysipelotrichi|o__Erysipelotrichales|f__Erysipelotrichaceae,0.0,0.001062932,0.000658628,0.0,0.0,0.0,0.0,0.0,0.000114577,0.0,0.0,0.000428092,0.0,0.000367372,0.0,0.0,0.0,0.0,0.0,0.000847579,0.000244888,0.0,0.002347242,0.00024141
k__Bacteria|p__Fusobacteria|c__Fusobacteriia|o__Fusobacteriales|Other,0.0,0.0,0.0,0.0,0.0,0.0,0.0,0.0,0.0,0.0,0.0,0.0,0.0,0.0,0.0,0.0,0.0,0.0,0.0,0.0,0.0,0.0,0.0,0.0
k__Bacteria|p__Fusobacteria|c__Fusobacteriia|o__Fusobacteriales|f__Fusobacteriaceae,0.0,3.13e-05,2.53e-05,0.0,0.0,0.0,0.0,0.0,0.000947867,0.0,0.0,0.0,0.0,0.0,0.0,0.000237692,0.0,0.0,0.0,0.0,3.06e-05,0.000311688,0.000998826,0.0
k__Bacteria|p__Fusobacteria|c__Fusobacteriia|o__Fusobacteriales|f__Leptotrichiaceae,0.0,0.000250102,0.000329314,0.0,0.0,0.030229934,0.000830565,0.0,0.027988126,0.0,4.65e-05,0.0,0.0,5.88e-05,0.0,0.111447841,0.0,0.0,0.0,0.0,0.000428554,0.006358442,0.003820511,0.038022049
k__Bacteria|p__GN02|c__3BR-5F|o__|f__,0.0,0.0,0.0,0.0,0.0,0.0,0.0,0.0,0.0,0.0,0.0,0.0,0.0,0.0,0.0,0.0,0.0,0.0,0.0,0.0,0.0,0.0,0.0,0.0
k__Bacteria|p__GN02|c__BD1-5|o__|f__,0.0,0.0,0.0,0.0,0.0,0.0,0.0,0.0,0.0,0.0,0.0,0.0,0.0,0.0,0.0,0.0,0.0,0.0,0.0,0.0,0.0,0.0,0.0,0.0
k__Bacteria|p__Proteobacteria|c__Alphaproteobacteria|o__BD7-3|f__,0.0,0.0,0.0,0.0,0.0,0.0,0.0,0.0,0.0,0.0,0.0,0.0,0.0,0.0,0.0,0.0,0.0,0.0,0.0,0.0,0.0,0.0,0.0,0.0
k__Bacteria|p__Proteobacteria|c__Alphaproteobacteria|o__Caulobacterales|f__Caulobacteraceae,0.0,0.0,5.07e-05,0.0,0.0,0.0,0.0,0.0,0.0,0.0,0.0,0.00016648,0.0,0.0,0.0,0.0,0.0,0.0,0.0,0.0,0.0,0.0,0.0,0.0
k__Bacteria|p__Proteobacteria|c__Alphaproteobacteria|o__Rhizobiales|Other,0.0,0.0,0.0,0.0,0.0,0.0,0.0,0.0,0.0,0.0,0.0,0.0,0.0,0.0,0.0,0.0,0.0,0.0,0.0,0.0,0.0,0.0,0.0,0.0
k__Bacteria|p__Proteobacteria|c__Alphaproteobacteria|o__Rhizobiales|f__Aurantimonadaceae,0.0,0.0,0.0,0.0,0.0,0.0,0.0,0.0,0.0,0.0,0.0,0.0,0.0,0.0,0.0,0.0,0.0,0.0,0.0,0.0,0.0,0.0,0.0,0.0
k__Bacteria|p__Proteobacteria|c__Alphaproteobacteria|o__Rhizobiales|f__Bradyrhizobiaceae,0.001538819,0.0,0.0,0.00134721,0.005235061,0.0,0.0,0.001130107,1.04e-05,0.000875034,0.00037211,0.0,0.020176487,0.0,0.000404643,0.0,0.0,0.003705098,0.0,2.61e-05,0.0,0.0,0.0,0.0
k__Bacteria|p__Proteobacteria|c__Alphaproteobacteria|o__Rhizobiales|f__Hyphomicrobiaceae,0.0,0.0,0.0,0.0,0.0,0.0,0.0,0.0,0.0,0.0,0.0,0.0,0.0,0.0,0.0,0.0,0.0,0.0,0.0,0.0,0.0,0.0,0.0,0.0
k__Bacteria|p__Proteobacteria|c__Alphaproteobacteria|o__Rhizobiales|f__Methylobacteriaceae,0.001800128,0.0,0.0,0.001376819,0.002342001,0.0,0.0,0.001731227,0.0,0.001011758,0.00037211,0.0,0.012639029,0.0,0.000278192,0.0,0.0,0.00247667,0.0,2.61e-05,0.0,0.0,0.0,0.0
k__Bacteria|p__Proteobacteria|c__Alphaproteobacteria|o__Rhizobiales|f__Methylocystaceae,0.0,0.0,0.0,0.0,0.0,0.0,0.0,0.0,0.0,0.0,0.0,0.0,0.0,0.0,0.0,0.0,0.0,0.0,0.0,0.0,0.0,0.0,0.0,0.0
k__Bacteria|p__Proteobacteria|c__Alphaproteobacteria|o__Rhizobiales|f__Phyllobacteriaceae,0.000522618,0.0,0.0,0.00045894,0.00144653,0.0,0.0,0.001033927,0.0,0.000656276,0.000139541,0.0,0.013696112,0.0,0.000151741,0.0,0.0,0.001367122,0.0,2.61e-05,0.0,0.0,0.0,0.0
k__Bacteria|p__Proteobacteria|c__Alphaproteobacteria|o__Rhizobiales|f__Rhizobiaceae,0.0,0.0,2.53e-05,0.0,0.0,0.0,0.0,0.0,0.0,0.0,0.0,7.13e-05,0.0,0.0,0.0,0.0,0.000105717,0.0,0.0,0.0,0.0,0.0,0.0,0.0
k__Bacteria|p__Proteobacteria|c__Alphaproteobacteria|o__Rhodobacterales|f__Rhodobacteraceae,0.0,0.0,0.0,0.0,0.0,0.0,0.0,0.0,0.0,0.0,0.0,0.0,0.0,0.0,0.0,0.0,0.0,0.0,0.0,0.0,0.0,0.0,0.0,0.0
k__Bacteria|p__Proteobacteria|c__Alphaproteobacteria|o__Rhodospirillales|f__Acetobacteraceae,0.0,0.0,0.0,0.0,0.0,0.0,0.0,0.0,0.0,0.0,0.0,0.0,0.0,0.0,0.0,0.0,0.0,0.0,0.0,0.0,0.0,0.0,0.0,0.0
k__Bacteria|p__Proteobacteria|c__Alphaproteobacteria|o__Rhodospirillales|f__Rhodospirillaceae,0.0,0.0,0.0,0.0,0.0,0.0,0.0,0.0,0.0,0.0,0.0,0.0,0.0,0.0,0.0,0.0,0.0,0.0,0.0,0.0,0.0,0.0,0.0,0.0
k__Bacteria|p__Proteobacteria|c__Alphaproteobacteria|o__Rickettsiales|f__mitochondria,0.0,0.0,0.0,0.0,0.0,0.0,0.0,0.0,0.0,0.0,0.0,0.0,0.0,0.0,0.0,0.0,0.0,0.0,0.0,0.0,0.0,0.0,0.0,0.0
k__Bacteria|p__Proteobacteria|c__Alphaproteobacteria|o__Sphingomonadales|f__Erythrobacteraceae,0.0,0.0,0.0,0.0,0.0,0.0,0.0,0.0,0.0,0.0,0.0,0.0,0.0,0.0,0.0,0.0,0.0,0.0,0.0,0.0,0.0,0.0,0.0,0.0
k__Bacteria|p__Proteobacteria|c__Alphaproteobacteria|o__Sphingomonadales|f__Sphingomonadaceae,0.000348412,0.0,0.0,0.000370113,0.000688824,0.0,0.0,0.000432807,0.0,0.000300793,0.00037211,0.0,0.005009652,0.0,0.000303482,0.0,0.0,0.000673654,0.0,1.3e-05,0.0,8.31e-05,0.0,0.0
k__Bacteria|p__Proteobacteria|c__Betaproteobacteria|Other|Other,0.0,0.0,0.0,0.0,0.0,0.0,0.0,0.0,0.0,0.0,0.0,0.0,0.0,0.0,0.0,0.0,0.0,0.0,0.0,0.0,0.0,0.0,0.0,0.0
k__Bacteria|p__Proteobacteria|c__Betaproteobacteria|o__Burkholderiales|Other,0.0,0.0,0.0,0.0,0.0,0.0,0.0,0.0,0.0,0.0,0.0,0.0,0.0,0.0,0.0,0.0,0.0,0.0,0.0,0.0,0.0,0.0,0.0,0.0
k__Bacteria|p__Proteobacteria|c__Betaproteobacteria|o__Burkholderiales|f__Alcaligenaceae,0.0,0.0,0.0,0.0,0.0,0.0,0.0,0.0,0.0,0.0,0.0,0.0,0.0,0.0,0.0,0.0,0.0,0.0,0.0,0.0,0.0,0.0,0.0,0.0
k__Bacteria|p__Proteobacteria|c__Betaproteobacteria|o__Burkholderiales|f__Burkholderiaceae,0.0,0.0,0.0,0.0,0.0,1.3e-05,3.46e-05,0.0,0.0,0.0,0.0,0.0,0.0,0.0,0.0,0.0,0.0,0.0,0.0,0.0,0.0,0.0,0.0,0.00032188
k__Bacteria|p__Proteobacteria|c__Betaproteobacteria|o__Burkholderiales|f__Comamonadaceae,0.000319378,0.0,2.53e-05,0.000488549,0.000792147,2.59e-05,0.0,0.000336627,1.04e-05,0.000246103,0.000139541,0.000237829,0.012156448,0.0,0.000227612,0.0,3.84e-05,0.001069921,1.12e-05,0.000104317,0.0,0.0,0.0,0.0
k__Bacteria|p__Proteobacteria|c__Betaproteobacteria|o__Burkholderiales|f__Oxalobacteraceae,0.000696824,0.0,0.0,0.000384917,0.001239883,0.0,0.0,0.000889658,0.0,0.000136724,0.0,0.0,0.008341759,0.0,0.000101161,0.0,0.0,0.001565255,0.0,2.61e-05,0.0,0.0,0.0,0.0
k__Bacteria|p__Proteobacteria|c__Betaproteobacteria|o__Neisseriales|f__Neisseriaceae,0.0,0.0,0.000101327,0.0,0.0,0.000985618,0.001090116,0.0,0.02265507,0.0,0.0,0.0,0.0,0.0,0.041273615,0.000876489,0.0,0.0,0.008131358,1.3e-05,0.000183666,8.31e-05,0.000599296,0.018910437
k__Bacteria|p__Proteobacteria|c__Betaproteobacteria|o__Rhodocyclales|f__Rhodocyclaceae,0.0,0.0,0.0,0.0,0.0,0.0,0.0,0.0,0.0,0.0,0.0,0.0,0.0,0.0,0.0,0.0,0.0,0.0,0.0,0.0,0.0,0.0,0.0,0.0
k__Bacteria|p__Proteobacteria|c__Deltaproteobacteria|o__Desulfovibrionales|f__Desulfovibrionaceae,0.0,0.0,0.0,0.0,0.0,0.0,0.0,0.0,0.0,0.0,0.0,0.0,0.0,0.0,0.0,0.0,0.0,0.0,0.0,0.0,0.0,0.0,0.0,0.0
k__Bacteria|p__Proteobacteria|c__Deltaproteobacteria|o__Myxococcales|f__Haliangiaceae,0.0,0.0,0.0,0.0,0.0,0.0,0.0,0.0,0.0,0.0,0.0,0.0,0.0,0.0,0.0,0.0,0.0,0.0,0.0,0.0,0.0,0.0,0.0,0.0
k__Bacteria|p__Proteobacteria|c__Epsilonproteobacteria|o__Campylobacterales|f__Campylobacteraceae,0.0,0.002876168,0.003217145,0.0,0.000103324,0.000804057,0.000294158,0.0,0.004718504,0.133333333,0.0,0.000665921,0.0,0.000822912,0.0,0.000891345,0.0,0.0,0.001121567,0.0,0.004101873,0.004966234,0.004095188,0.054518387
k__Bacteria|p__Proteobacteria|c__Gammaproteobacteria|o__Cardiobacteriales|f__Cardiobacteriaceae,0.0,0.0,0.0,0.0,0.0,0.0,0.0,0.0,0.0,0.0,0.0,0.0,0.0,0.0,0.0,0.0,0.0,0.0,0.0,0.0,0.0,0.0,0.0,0.0
k__Bacteria|p__Proteobacteria|c__Gammaproteobacteria|o__Enterobacteriales|f__Enterobacteriaceae,0.118227745,0.0,0.0,0.0,0.357843981,0.0,0.0,0.0,0.0,0.050697293,0.0013489,7.13e-05,0.700179244,0.0,0.000708126,0.0,6.73e-05,0.468328347,0.120321665,5.22e-05,0.0,0.0,0.0,0.0
k__Bacteria|p__Proteobacteria|c__Gammaproteobacteria|o__HOC36|f__,0.0,0.0,0.0,0.0,0.0,0.0,0.0,0.0,0.0,0.0,0.0,0.0,0.0,0.0,0.0,0.0,0.0,0.0,0.0,0.0,0.0,0.0,0.0,0.0
k__Bacteria|p__Proteobacteria|c__Gammaproteobacteria|o__Pasteurellales|f__Pasteurellaceae,0.0098136,0.0,0.000354646,0.0,0.0,9.08e-05,0.000103821,0.0,9.37e-05,0.1105551,0.0,0.0,0.0,0.0,0.004122303,0.013147339,9.61e-06,1.98e-05,0.216114669,0.0,0.000489776,2.08e-05,0.000199765,0.000523055
k__Bacteria|p__Proteobacteria|c__Gammaproteobacteria|o__Pseudomonadales|f__Moraxellaceae,0.0,0.0,0.0,0.0,0.0,0.0,0.0,0.0,0.0,0.0,0.0,0.0,0.0,0.0,0.0,0.0,0.0,0.0,0.0,0.0,0.0,0.0,0.000124853,0.0
k__Bacteria|p__Proteobacteria|c__Gammaproteobacteria|o__Pseudomonadales|f__Pseudomonadaceae,0.0,0.0,0.0,0.0,0.0,0.0,0.0,0.0,0.0,0.0,0.0,0.000261612,0.0,0.0,0.0,0.0,0.0,0.0,0.0,0.0,0.0,0.0,0.0,0.0
k__Bacteria|p__Proteobacteria|c__Gammaproteobacteria|o__Xanthomonadales|f__Sinobacteraceae,0.0,0.0,0.0,0.0,0.0,0.0,0.0,0.0,0.0,0.0,0.0,0.0,0.0,0.0,0.0,0.0,0.0,0.0,0.0,0.0,0.0,0.0,0.0,0.0
k__Bacteria|p__Proteobacteria|c__Gammaproteobacteria|o__Xanthomonadales|f__Xanthomonadaceae,8.71e-05,0.0,2.53e-05,0.0,0.0,2.59e-05,0.0,0.0,0.0,0.049904293,0.0,0.009203986,0.0,0.0,0.0,2.97e-05,0.0,0.0,0.004912462,0.000169516,0.0,0.0,0.0,0.0
k__Bacteria|p__SR1|c__|o__|f__,0.0,0.0,7.6e-05,0.0,0.0,0.0,0.000121124,0.0,9.37e-05,0.0,0.0,0.0,0.0,0.0,0.0,0.0,0.0,0.0,0.0,0.0,3.06e-05,0.0,2.5e-05,0.0
k__Bacteria|p__Spirochaetes|c__Spirochaetes|o__Spirochaetales|f__Spirochaetaceae,0.0,0.0,0.0,0.0,0.0,0.0,0.0,0.0,0.0,0.0,0.0,0.0,0.0,0.0,0.0,0.0,0.0,0.0,0.0,0.0,0.0,0.0,0.0,0.0
k__Bacteria|p__TM7|c__TM7-3|Other|Other,0.0,0.0,0.0,0.0,0.0,0.0,0.0,0.0,0.0,0.0,0.0,0.0,0.0,0.0,0.0,0.0,0.0,0.0,0.0,0.0,0.0,0.0,0.0,0.0
k__Bacteria|p__TM7|c__TM7-3|o__CW040|f__,0.0,0.000125051,0.0,0.0,0.0,0.0,0.0,0.0,2.08e-05,0.0,0.0,2.38e-05,0.0,0.0,0.0,0.0,0.0,0.0,0.0,0.0,0.0,0.0,0.000224736,0.0
k__Bacteria|p__TM7|c__TM7-3|o__CW040|f__F16,0.0,0.0,0.0,0.0,0.0,0.0,0.0,0.0,7.29e-05,0.0,0.0,0.0,0.0,0.0,0.0,0.0,0.0,0.0,0.0,0.0,0.0,0.0,0.000149824,0.0
k__Bacteria|p__TM7|c__TM7-3|o__|f__,0.0,0.000156314,2.53e-05,0.0,0.0,0.0,0.0,0.0,0.0,0.0,0.0,0.0,0.0,0.0,0.0,2.97e-05,0.0,0.0,0.0,0.0,3.06e-05,0.0,9.99e-05,0.00056329
k__Bacteria|p__Tenericutes|c__Mollicutes|o__Mycoplasmatales|f__Mycoplasmataceae,0.0,0.0,0.0,8.88e-05,0.0,0.0,0.0,0.0,0.0,0.0,0.0,0.0,0.0,0.0,0.0,0.0,0.0,0.0,0.0,0.0,0.0,0.0,0.0,0.0
k__Bacteria|p__WPS-2|c__|o__|f__,0.0,0.0,0.0,0.0,0.0,0.0,0.0,0.0,0.0,0.0,0.0,0.0,0.0,0.0,0.0,0.0,0.0,0.0,0.0,0.0,0.0,0.0,0.0,0.0
k__Bacteria|p__[Thermi]|c__Deinococci|o__Deinococcales|f__Deinococcaceae,0.0,0.0,0.0,0.0,0.0,0.0,0.0,0.0,0.0,0.0,0.0,0.0,0.0,0.0,0.0,0.0,0.0,0.0,0.0,0.0,0.0,0.0,0.0,0.0
k__Bacteria|p__[Thermi]|c__Deinococci|o__Thermales|f__Thermaceae,0.0,0.0,0.0,0.0,0.0,0.0,0.0,0.0,0.0,0.0,0.0,0.0,0.0,0.0,0.0,0.0,0.0,0.0,0.0,0.0,0.0,0.0,0.0,0.0
