SampleID,Unclassified|Other|Other,k__Bacteria|Other|Other,k__Bacteria|p__Actinobacteria|c__Acidimicrobiia,k__Bacteria|p__Actinobacteria|c__Actinobacteria,k__Bacteria|p__Actinobacteria|c__Coriobacteriia,k__Bacteria|p__Actinobacteria|c__Thermoleophilia,k__Bacteria|p__Bacteroidetes|Other,k__Bacteria|p__Bacteroidetes|c__Bacteroidia,k__Bacteria|p__Bacteroidetes|c__Cytophagia,k__Bacteria|p__Bacteroidetes|c__Flavobacteriia,k__Bacteria|p__Bacteroidetes|c__Sphingobacteriia,k__Bacteria|p__Bacteroidetes|c__[Saprospirae],k__Bacteria|p__Chlorobi|c__OPB56,k__Bacteria|p__Chloroflexi|c__Anaerolineae,k__Bacteria|p__Chloroflexi|c__Ktedonobacteria,k__Bacteria|p__Cyanobacteria|c__4C0d-2,k__Bacteria|p__Cyanobacteria|c__Chloroplast,k__Bacteria|p__Cyanobacteria|c__ML635J-21,k__Bacteria|p__Firmicutes|Other,k__Bacteria|p__Firmicutes|c__Bacilli,k__Bacteria|p__Firmicutes|c__Clostridia,k__Bacteria|p__Firmicutes|c__Erysipelotrichi,k__Bacteria|p__Fusobacteria|c__Fusobacteriia,k__Bacteria|p__GN02|c__3BR-5F,k__Bacteria|p__GN02|c__BD1-5,k__Bacteria|p__Proteobacteria|c__Alphaproteobacteria,k__Bacteria|p__Proteobacteria|c__Betaproteobacteria,k__Bacteria|p__Proteobacteria|c__Deltaproteobacteria,k__Bacteria|p__Proteobacteria|c__Epsilonproteobacteria,k__Bacteria|p__Proteobacteria|c__Gammaproteobacteria,k__Bacteria|p__SR1|c__,k__Bacteria|p__Spirochaetes|c__Spirochaetes,k__Bacteria|p__TM7|c__TM7-3,k__Bacteria|p__Tenericutes|c__Mollicutes,k__Bacteria|p__WPS-2|c__,k__Bacteria|p__[Thermi]|c__Deinococci
G160SRK8.04,0,0,0,0.003926676,1.94E-05,0,0,0.029897168,0,0.000894194,0.000291585,0,0,0,0,0,0,0,0,0.899811442,0.036039889,0.000622048,0.003829481,0,0,0,0.018719748,0,0.001127461,0.004470968,5.83E-05,0,0.000291585,0,0,0
J160SVP4.04,0,0,0,0.000491441,0.007999563,0,0,0.028257843,0,0.000300325,0,0,0,0,0,0,0,0,0,0.831763453,0.124443716,0,0.002730226,0,0,0,0,0,0.004013433,0,0,0,0,0,0,0
C160SRG0.04,0,0,0,0.001562213,2.30E-05,0,0,0.05770998,0,0.00160816,0,0,0,0,0,0,0,0,0,0.78861882,0.019343871,0.000114869,0.101727624,0,0,0,0.027223856,0,0.00062029,0.001194633,0,0,0.000252711,0,0,0
J160SKKM.04,0,0,0,0.004062598,0.021886533,0,0,0.00557892,0,0,0,0,0,0,0,0,0,0,0,0.934740938,0.027951821,0,0,0,0,0.000743856,0.000114439,0,0.004920894,0,0,0,0,0,0,0
F160T884.04,0,0,0,0.001579493,0,0,0,0,0,0.000904918,0,0,0,0,0,0,0,0,0,0.991888646,0.005626944,0,0,0,0,0,0,0,0,0,0,0,0,0,0,0
E160T0GR.04,0,0,0,0.000143779,4.79E-05,0,0,0.000159755,0,0.000479264,0,0,0,0,0,0,0,0,0,0.99067033,0.007668222,0,0.00052719,0,0,0,0,0,0.000303534,0,0,0,0,0,0,0
F160SGBR.04,0,0,0,0.00051484,0,0,0,0.030324092,0,0.000283162,0,0,0,0,0,0,0,0,0,0.891600381,0.031405257,0,0.000926712,0,0,0,0.044404973,0,0,0.000540582,0,0,0,0,0,0
F160SBCG.04,0,0,0,0.003636096,2.46E-05,0,0,0.031422745,0,0.000466796,0,0,0,0,0,0,0,0,0,0.93509078,0.028695674,0,0.00041766,0,0,0,0,0,0.000147409,0,0,0,9.83E-05,0,0,0
G160SL0Q.04,0,0,0,0.005808281,9.08E-05,0,0,0.000226886,0,0.001633579,0,0,0,0,0,0,0,0,0,0.977129892,0.014974475,0,0,0,0,2.27E-05,4.54E-05,0,0,6.81E-05,0,0,0,0,0,0
K160SP9B.04,0,0,0,0.015449701,0.000562294,0,0,0.022946957,0,0.01657429,0,0,0,0,0,0,0,0,0,0.824939085,0.043725065,0.001526227,0.014726752,0,0,0,0.010656813,0,0.00747048,0.040110317,0,0,0.00131202,0,0,0
C160TGYC.04,0,0,0,0.003507637,7.46E-05,0,0,0.010572665,0,0.000298522,0,0,0,0,0,0,0,0,4.98E-05,0.944425096,0.025772426,0,0.004651973,0,0,0,0.008358625,0,0.002263794,2.49E-05,0,0,0,0,0,0
J160SB14.04,0,0,0,0.002765201,0,0,0,0,0,0,0,0,0,0,0,0,0,0,0,0.996444742,0,0,1.52E-05,0,0,0,1.52E-05,0,0,0.000759671,0,0,0,0,0,0
G160NVWW.04,0,0,0,0.000185471,0,0,0,0,0,0,0,0,0,0,0,0,0,0,0,0.99950541,0.000288511,0,0,0,0,0,0,0,2.06E-05,0,0,0,0,0,0,0
K160NXTL.04,0,1.70E-05,0,0.001530899,5.10E-05,0,0,0.003487047,0,0.0005103,0,0,0,0,0,0,0,0,0,0.9887564,0.002602528,0,0.002109238,0,0,0,0.000629369,0,0.00027216,3.40E-05,0,0,0,0,0,0
K160SMPB.04,0,0,0,0,0,0,0,0,0,0,0,0,0,0,0,0,0,0,0,0.262598843,0,0,0,0,0,0,0.000314725,0,0,0.737086431,0,0,0,0,0,0
A160P055.04,0,0,0,0.006562388,0,0,0,4.49E-05,0,0,0,0,0,0,0,0,0,0,0,0.993190399,2.25E-05,0,0,0,0,0,0,0,0,0.000179791,0,0,0,0,0,0
A160SNGK.04,0,0,0,2.26E-05,0,0,0,4.52E-05,0,0,0,0,0,0,0,0,0,0,0,0.819902748,0.000158317,0,2.26E-05,0,0,0,6.79E-05,0,0,0.179780617,0,0,0,0,0,0
G160SS7Q.04,0,0,0,0.01651825,0,0,0,0,0,0,0,0,0,0,0,0,0,0,0,0.952656816,0,0,0,0,0,0,1.96E-05,0,0,0.030805363,0,0,0,0,0,0
K160SNXJ.04,0,0,0,0.002294276,0,0,0,0,0,0,0,0,0,0,0,0,0,0,0,0.096336182,0,0,0,0,0,0,0,0,0,0.901369542,0,0,0,0,0,0
D160SS9J.04,0,0,0,0.001400158,0,0,0,0,0,0,0,0,0,0,0,0,0,0,0,0.991437496,3.59E-05,0,3.59E-05,0,0,0,0,0,0,0.007090544,0,0,0,0,0,0
F160SQ2R.04,0,0,0,4.13E-05,0,0,0,0,0,0,0,0,0,0,0,0,0,0,0,0.946028597,0.000206629,2.07E-05,2.07E-05,0,0,0,0,0,2.07E-05,0.05366146,0,0,0,0,0,0
H160SR97.04,0,0,0,0.001797616,0,0,0,0,0,0,0,0,0,0,0,0,0,0,0,0.997538649,2.77E-05,0,0,0,0,0.000110623,5.53E-05,0,0,0.000470146,0,0,0,0,0,0
H160TBMG.04,0,0,0,0.003728223,0.000174216,0,0,0.010487805,0,0.000801394,0,0,0,0,0,0,0,0,0.000243902,0.906864111,0.068606272,0,0.001114983,0,0,0,0.001672474,0,0.00271777,0.003031359,0.000522648,0,3.48E-05,0,0,0
B160T6WR.04,0,3.37E-05,0,0.036029362,0.002155027,0,0,0.046400431,0,0.003030507,0,0,0,0,0,0,0,0,0,0.670550205,0.195838104,0.001683615,0.010135363,0,0,0,0.000370395,0,0.0308775,0.000538757,0,0,0.002357061,0,0,0
A160PXM0.04,0,0,0,0.000306534,0,0,0,0.001576458,0,0.000109476,0,0,0,0,0,0,0,0,0.001007182,0.87929147,0.117424242,0,2.19E-05,0,0,2.19E-05,0.000153267,0,0,8.76E-05,0,0,0,0,0,0
H160SHBG.04,0,0.000134476,0,0.029181375,0.001445621,0,0,0.050260548,0,0.001445621,0,0,0,0,0,0,0,0,0.000134476,0.542847537,0.087913935,0.000302572,0.261556564,0,0,0,0.004336863,0,0.019499075,0.000336191,0,0,0.000605144,0,0,0
C160SRH8.04,0,0.000206462,0,0.016233096,0.004284092,0,0,0.053241458,0,0.001032311,0,0,0,0,0,0,0,0,0.000722618,0.743006091,0.12622587,0.000387117,0.036827707,0,0,0,0.01071023,0,0.00477444,0.000722618,0.001006504,0,0.000619387,0,0,0
A160SY61.04,0,7.38E-05,0,0.0220048,0.000110762,0,0,0.038471479,0,0.001439911,0,0,0,0,0,0,0,0,0.000221525,0.766438988,0.107181097,0.000147683,0.030607347,0,0,3.69E-05,0.024515414,0,0.005353517,0.002436773,0,0,0.000959941,0,0,0
A160SJLK.04,0,0,0,0.006461734,0.000821723,0,0,0.152280282,0,0.001718149,0,0,0,0,0,0,0,0,0,0.605535427,0.099876741,0.001195234,0.083255519,0,0,0,0.015015127,0,0.017181489,0.016098308,0,0,0.000522915,3.74E-05,0,0
B160T6XN.04,0,0,0,0.005351772,9.47E-05,0,0,0.010466741,0,0.001041938,0,0,0,0,0,0,0,0,4.74E-05,0.861895854,0.114992067,2.37E-05,0.002415402,0,0,0,0,0,0.003291577,0.000378887,0,0,0,0,0,0
A160SHHV.04,0,0.00034389,0,0.016975646,0.004720668,0,0,0.013255385,0,0.000125051,0,0,0,0,0,0,0,0,0.000656517,0.81605027,0.143370744,0.001062932,0.000281364,0,0,0,0,0,0.002876168,0,0,0,0.000281364,0,0,0
J160SYQB.04,0,2.48E-05,0,0.005804003,0.000496069,0,0,0.021628593,0,2.48E-05,0,0,0,0,0,0,0,0,0.000372051,0.861671255,0.073368554,0.00079371,0.028796785,0,0,2.48E-05,0,0,0.006895354,2.48E-05,0,0,7.44E-05,0,0,0
A160T77P.04,0,0.000101327,0,0.005497011,0.00040531,0,0,0.012285946,0,0.000303982,0,0,0,0,0,0,0,0,0.00040531,0.864271963,0.111814774,0.000658628,0.000354646,0,0,7.60E-05,0.000126659,0,0.003217145,0.000379978,7.60E-05,0,2.53E-05,0,0,0
D160SBS7.04,0,7.13E-05,0,0.010345566,0.01422218,0,0,0.05688872,0,0.000499441,7.13E-05,0,0,0,0,0,0,0,0.000832402,0.760767712,0.14517088,0.000428092,0,0,0,0.000237829,0.000237829,0,0.000665921,0.009536947,0,0,2.38E-05,0,0,0
K160SPLB.04,0,0,0,0.016320572,0.000435796,0,0,0.089207504,0,0.003682479,0,0,0,0,0,0,0,0,0,0.668664066,0.100516419,0.000348637,0.076656571,0,0,0,0.034035692,0,0.003900377,0.005055237,0,0,0.00117665,0,0,0
K160SRSC.04,0,0,0,0.024463975,0.006246121,0,0,0.001401373,0,0,0,0,0,0,0,0,0,0,8.01E-05,0.847310364,0.06308182,0,2.00E-05,0,0,0,2.00E-05,0,0.051070049,0.000580569,0,0,0.005725611,0,0,0
D160TBG8.04,0,0.000237425,0,0.01689109,0.00505376,0,0,0.08048706,0,3.39E-05,0,0,0,0,0,0,0,0,0.000576603,0.669674049,0.209103551,0.001390632,0.000339179,0,0,0,0,0,0.014381169,0.000101754,0,0,0.00172981,0,0,0
A160T8BV.04,0,0.000267086,0,0.019645666,0.002136689,0,0,0.020209514,0,8.90E-05,0,0,0,0,0,0,0,0,0.000771582,0.818559516,0.129358697,0,0,0,0,0,2.97E-05,0,0.006439742,0.000949639,0,0,0.001543164,0,0,0
J160SYJB.04,0,0,0,0.000746558,0.000179174,0,0,0.045390749,0,0.000119449,0,0,0,0,0,0,0,0,2.99E-05,0.826350524,0.123659928,0,0,0,0,0,0.003165407,0,0.000358348,0,0,0,0,0,0,0
D160SZZF.04,0,0,0,0.007477931,0.004687386,0,0,0.001240242,0,0,0,0,0,0,0,0,0,0,1.82E-05,0.918308164,0.066498869,0,0,0,0,0,0,0,0.001313198,0.000127672,0,0,0.000328299,0,0,0
H160TD72.04,0,3.06E-05,0,0.00523448,0.000244888,0,0,0.011111791,0,0.000459165,0,0,0,0,0,0,3.06E-05,0,0.001040774,0.831761969,0.144545121,0.000244888,0.000459165,0,0,0,0.000183666,0,0.004101873,0.000489776,3.06E-05,0,3.06E-05,0,0,0
C160SS0S.04,0,3.32E-05,0,0.021593967,0.000564765,0,0,0.118501046,0,0.000930202,0,0,0,0,0,0,0,0,6.64E-05,0.682170028,0.040762765,0.000199329,0.050363775,0,0,0,0.077970832,0,0.002391947,0.003953357,0,0,0.000498322,0,0,0
G160PX8K.04,0,0,0,0.00751329,0.016396929,0,0,0.039196692,0,7.09E-05,0,0,0,0,0,0,0,0,0,0.831518015,0.100980508,0,0,0,0,0,0.000519787,0,0.003638512,0.000165387,0,0,0,0,0,0
J160SJHV.04,0,0,0,0.002181091,0,0,0,0.00402896,0,0.000151465,0,0,0,0,0,0,3.03E-05,0,3.03E-05,0.960710066,0.032261973,0,0.000181758,0,0,0,3.03E-05,0,0.000272636,0.000121172,0,0,0,0,0,0
J160SPP1.04,0,2.50E-05,0,0.014133393,0.001198592,0,0,0.043249182,0,0.001423328,0,0,0,0,0,0,0,0,7.49E-05,0.799535546,0.127674982,0.002347242,0.004819337,0,0,0,0.000599296,0,0.004095188,0.000324619,2.50E-05,0,0.000474443,0,0,0
B160SK8Y.04,0,0,0,0.043686127,0.001052678,0,0,0.186630993,0,0.017456906,0,0,0,0,0,0,0,0,0,0.442343962,0.149041625,0.000789508,0.124040528,0,0,0,0.022632572,0,0.010395193,0.001052678,0,0,0.000877231,0,0,0
E160T7WS.04,0,0,0,0.005691883,0.000290402,0,0,0.021431683,0,0.000232322,0,0,0,0,0,0,0,0,0.000667925,0.861942791,0.097923624,0.000290402,0.00784086,0,0,0,5.81E-05,0,0.003455786,0,0,0,0.000174241,0,0,0
H160SLNL.04,0,0,0,0.01150091,0.005254013,0,0,0.150587457,0,0.0023581,0,0,0,0,0,0,0,0,0.000248221,0.558745656,0.225963925,0.002109879,0.021264273,0,0,0,0.000620553,0,0.019526725,0.001778918,4.14E-05,0,0,0,0,0
C160SQFS.04,0,2.37E-05,0,0.038929095,0.002412374,0,0,0.075800577,0,0.000212857,0,0,0,0,0,0,0,0,2.37E-05,0.659642401,0.125135992,0.002128565,0.094082588,0,0,0.000118254,0,0,0.001442694,4.73E-05,0,0,0,0,0,0
F160SH25.04,0,0,0,0.709174372,0,0,0,0.000748795,0,0,0,0,0,0,0,0,0,0,0,0.22512697,0.000195338,0,3.26E-05,0,0,0.000162782,0,0,0,0.064559187,0,0,0,0,0,0
F160SLF1.04,0,0,0,0.008481944,0.010072309,0,0,0.00144193,0,0,0,0,0,0,0,0,0,0,2.12E-05,0.883140016,0.041582731,0,0,0,0,0,0,0,0.049089251,0,0,0,0.006170614,0,0,0
D160T9MZ.04,0,4.91E-05,0,0.005896806,0.001474201,0,0,0.086535627,0,0.000687961,0,0,0,0,0,0,0,0,0.00039312,0.447321867,0.195233415,0.004619165,0.143488943,0,0,0,0.004127764,0,0.107321867,0.000687961,0,0,0.002162162,0,0,0
H160SJ0W.04,0,0,0,0.010729614,0.001155497,0,0,0.041036646,0,0.00039617,0,0,0,0,0,0,0,0,0.000198085,0.810399472,0.092142621,0.000165071,0.012578409,0,0,0,0.016408055,0,0.008682734,0.001551667,0,0,0.004555959,0,0,0
H160TDJL.04,0,0,0,0.00052473,0,0,0,0.000155476,0,0.00034982,0,0,0,0,0,0,1.94E-05,0,0,0.996151977,0.002429307,0,0.000252648,0,0,0,3.89E-05,0,5.83E-05,1.94E-05,0,0,0,0,0,0
J160TCLD.04,0,0,0,0.002698718,0,0,0,1.00E-04,0,0.001424323,0,0,0,0,0,0,0,0,0,0.968539944,0.011869362,0,0,0,0,0,0.0153677,0,0,0,0,0,0,0,0,0
J160SPM7.04,0,0,0,0.00304235,0.00026367,0,0,0.019978095,0,0.000446211,0,0,0,0,0,0,0,0,0.000101412,0.909479961,0.040098166,0.000141976,0.009715236,0,0,0.000121694,0.01488723,0,0.000689599,0.000547623,2.03E-05,0,0.000466494,0,0,0
D160SQ1B.04,0,0,0,0.084315319,0,0,0,0.000243803,0,0,0,0,0,0,0,0.000568874,0,0,0,0.889678992,0.000853312,0,0.001259651,0,0,0.000893946,0.000609508,0,8.13E-05,0.021495327,0,0,0,0,0,0
J160SKQ0.04,0,0,0,0.01206453,0,0,0,3.48E-05,0,0,0,0,0,0,0,0,0,0,0,0.987900702,0,0,0,0,0,0,0,0,0,0,0,0,0,0,0,0
G160TDKH.04,0,0,0,0.019518093,0.00293635,0,0,0.04525434,0,0.003972709,0,0,0,0,0,0,0,0,0,0.69116504,0.14137663,0.001554538,0.050436134,0,0,0,0.002504534,0,0.0319544,0.007686329,0,0,0.001640902,0,0,0
A160TB6R.04,0,0,0,0.009913432,4.65E-05,0,0,0.063064321,0,0.002513264,0,0,0,0,0,0,0,0,0,0.764730522,0.059015173,0.000186168,0.005491948,0,0,0,0.086102578,0,0.005212697,0.003723355,0,0,0,0,0,0
E160SK81.04,0,0,0,0.023724101,0.005964661,0,0,0.111758902,0,0.004843484,0,0,0,0,0,0,0,0,0,0.546327025,0.100591981,0.002690824,0.029374832,0,0,4.48E-05,0.115974527,0,0.050452955,0.00291506,0.000134541,0,0.00520226,0,0,0
H160TB7N.04,0,0.000199273,0,0.038011259,0.000797091,0,0,0.032630897,0,0.000498182,0,0,0,0,0,0,0,0,9.96E-05,0.62207941,0.166342849,0.000597818,0.093807602,0,0,0,0.025058536,0,0.017037812,0.001843272,0,0,0.000996363,0,0,0
B160SPYG.04,0,3.83E-05,0,0.032175377,0.000420843,0,0,0.089869156,0,0.001032979,0,0,0,0,0,0,0,0,0,0.580648864,0.160073456,0.00099472,0.119825541,0,0,0,0.000306068,0,0.00952636,0.0045145,0,0,0.000573877,0,0,0
D160SYZD.04,0,0,0,0.006338582,0,0,0,1.54E-05,0,6.17E-05,0,0,0,0,0,0,0,0,3.08E-05,0.971067689,0.022393239,0,1.54E-05,0,0,0,7.71E-05,0,0,0,0,0,0,0,0,0
C160SGV1.04,0,0,0,0.023581788,0.001113005,0,0,0.031059789,0,0.015616848,0,0,0,0,0,0,0,0,0,0.724357414,0.090431637,0.000939098,0.056624117,0,0,0,0.027164273,0,0.015199471,0.00521721,0.000347814,0,0.008347536,0,0,0
F160SQS8.04,0,0,0,0.006390471,0.00099987,0,0,0.109681346,0,0.001260705,0,0,0,0,0,0,0,0,8.69E-05,0.785680129,0.081641525,8.69E-05,0.002086684,0,0,0,0.001912794,0,0.006390471,0.003608225,0,0,0.00017389,0,0,0
F160SV5L.04,0,0,0,0.009321575,0.000193394,0,0,0.05318326,0,0.008006498,0,0,0,0,0,0,0,0,0.000116036,0.741393982,0.101299605,7.74E-05,0.040999458,0,0,0,0.036280653,0,0.0067301,0.001972615,0.000116036,0,0.00030943,0,0,0
H160SX87.04,0,0,0,0.009704261,0.000104798,0,0,0.002494184,0,0.000817422,0,0,0,0,0,0,0,0,6.29E-05,0.931399468,0.053572551,2.10E-05,0.001006057,0,0,0,0.000649745,0,8.38E-05,2.10E-05,0,0,6.29E-05,0,0,0
H160SGHZ.04,0,0,0,0.000829709,0.000427426,0,0,0.020114148,0,0.000226284,0,0,0,0,0,0,0,0,0.000351998,0.87788198,0.099917029,0,0.000100571,0,0,0,0,0,7.54E-05,5.03E-05,0,0,0,0,0,2.51E-05
K160SW23.04,0,0,0,0.008493753,0.002066048,0,0,0.067884432,0,0.000688683,0,0,0,0,0,0,0,0,0.000229561,0.793526383,0.08867609,0.000196766,0.001213393,0,0,0,0.005542256,0,0.029121438,0.002295609,0,0,6.56E-05,0,0,0
B160SNFN.04,0,0,0,0.000887291,4.55E-05,0,0,0.052213678,0,0.00063703,0,0,0,0,0,0,0,0,4.55E-05,0.874277654,0.045888884,6.83E-05,0.001592574,0,0,0,0.022318788,0,0.0010693,0.000887291,4.55E-05,0,2.28E-05,0,0,0
E160SYK7.04,0,0,0,0.000308537,0,0,0,0.038937398,0,6.17E-05,0,0,0,0,0,0,0,0,6.17E-05,0.915645923,0.03936935,0,6.17E-05,0,0,0,0.001203295,0,0.002961957,0.001388418,0,0,0,0,0,0
H160T70C.04,0,0,0,0.001329826,2.89E-05,0,0,0.013413894,0,0.000838368,0,0,0,0,0,0,0,0,0.00037582,0.895059409,0.087739585,0,0.000115637,0,0,0,0,0,0,0.001098552,0,0,0,0,0,0
G160TFN9.04,0,3.11E-05,0,0.000342455,0.000311323,0,0,0.009121758,0,0.000716042,0,0,0,0,0,0,0,0,0.000747175,0.85738302,0.130599919,0,0.000747175,0,0,0,0,0,0,0,0,0,0,0,0,0
C160T9QP.04,0,0,0,0.003170962,6.75E-05,0,0,0.063014438,0,0.001281878,0,0,0,0,0,0,0,0,0,0.79449467,0.022196735,0.000404804,0.00620699,0,0,0,0.102820132,0,0.000674673,0.005397382,6.75E-05,0,0.000202402,0,0,0
H160SSBF.04,0,9.09E-05,0,0.002387232,0.003933248,0,0,0.012822845,0,2.27E-05,0,0,0,0,0,0,0,0,0.000522917,0.80133685,0.107289014,0.000682066,0.066183158,0,0,0,0.000636595,0,0.00397872,9.09E-05,0,0,2.27E-05,0,0,0
C160SZF2.04,0,0,0,0.003771881,0.000743751,0,0,0.074534491,0,0.001062502,0,0,0,0,0,0,0,0,0.000159375,0.820623157,0.074029803,0.000398438,0.015751587,0,0,0,0.00292188,0,0.003984381,0.001832815,0.000132813,0,5.31E-05,0,0,0
K160SZ4S.04,0,0,0,0.000595752,0,0,0,0.019391737,0,0.003693664,0,0,0,0,0,0,0,0,0.000297876,0.928896965,0.039111138,0,0.00399154,0,0,0,0.002383009,0,0.000506389,0.001131929,0,0,0,0,0,0
K160SLRV.04,0,0,0,0.008376919,0.000106306,0,0,0.031168942,0,0.001509546,0,0,0,0,0,2.13E-05,0,0,0,0.87281541,0.042373602,0.00017009,0.024174002,0,0,0,0.008058001,0,0.004592423,0.006101969,0,0,0.000467747,0,0,6.38E-05
K160TCM9.04,0,0,0,0.020540469,0.000826911,0,0,0.05295538,0,0.001289981,0,0,0,0,0,0,0,0,0,0.792743029,0.065722886,0.003969173,0.038633282,0,0,0,0.016438991,0,0.002216121,0.003076109,0,0,0.001587669,0,0,0
C160SXP7.04,0,0,0,0.001907965,0,0,0,0.170973062,0,0.000549753,0,0,0,0,0,0,0,0,0,0.724994341,0.093199237,0.000388061,0.002554733,0,0,0,0.000743783,0,0.002263687,0.002328364,0,0,9.70E-05,0,0,0
H160SWJV.04,0,0,0,0.001111686,0,0,0,0,0,0,0,0,0,0,0,0,0,0,0,0.994350196,0,0,0,0,0,0,1.52E-05,0,0,0.004522889,0,0,0,0,0,0
D160SS41.04,0,0,0,0.014755772,0.000296433,0,0,0.253351339,0,0.001548039,0,0,0,0,0,0,0,0,0,0.452784823,0.071506209,0.000955173,0.172491025,0,0,0,0.02605316,0,0.003260762,0.002898455,3.29E-05,0,6.59E-05,0,0,0
B160SGDK.04,0,0,0,0.019075501,0.0001849,0,0,0.188844376,0,0.001232666,0,0,0,0,0,0,0,0,3.08E-05,0.532141757,0.129090909,3.08E-05,0.117195686,0,0,0,0.000493066,0,0.010785824,0.000801233,0,0,9.24E-05,0,0,0
F160T891.04,0,0,0,0.00416495,0.000411918,0,0,0.113735182,0,0.00105268,0,0,0,0,0,0,0,0,0.000366149,0.713213419,0.089340473,0.000457687,0.03688956,0,0,0,0.031351549,0,0.007139915,0.001830747,0,0,4.58E-05,0,0,0
J160SH9K.04,0,0,0,0.018564062,0.00507735,0,0,0.070765569,0,0.000515668,0,0,0,0,0,0,0,0,0.000158667,0.569059897,0.209837366,0,0.099682666,0,0,0,0.000476002,0,0.025862753,0,0,0,0,0,0,0
A160SPB7.04,0,0,0,0.001006832,0.002996524,0,0,0.023804387,0,0.000143833,0,0,0,0,0,0,0,0,0.000359583,0.862927005,0.10847417,0,4.79E-05,0,0,0,0,0,4.79E-05,0.000191778,0,0,0,0,0,0
C160SZK2.04,0,0,0,0.29831987,7.74E-05,0.000206468,0,0.01615609,0,0.00482618,0,0,0,0,0,0,0,0,0,0.626035564,0.02214365,0.000464552,0.000877487,0,0,0.000232276,0.028647379,0,0.000232276,0.000696828,0,0,0.001083955,0,0,0
J160PFQ1.04,0,0,0,0.010068492,0,0,0,0.069442344,0,0.001966165,0,0,0,0,0,0,0,0,0,0.845407601,0.015124344,6.48E-05,0,0,0,0,0.027936823,0,0,0.028368948,0,0,0.001361191,0.000259274,0,0
A160SJSK.04,0,0,0,0.001242611,6.72E-05,0,0,0.118854111,0,0.002888232,0,0,0,0,0,0,0,0,0,0.787009672,0.023105857,3.36E-05,0.016556959,0,0,0,0.046950564,0,0.001712789,0.001444116,0.000100752,0,3.36E-05,0,0,0
J160TFLH.04,0,0,0,0.001684281,0,0,0,3.70E-05,0,0,0,0,0,0,0,0,0,0,0,0.997853005,0.000166577,0,0,0,0,0,0,0,0,3.70E-05,0,0,0.000222103,0,0,0
D160T7LX.04,0,0,0,0.006927459,0,0,0,0,0,4.56E-05,0,0,0,0,0,0,0,0,0,0.978306115,0.010619066,0,0,0,0,0,0,0,0,0.000410179,0,0,0.003691607,0,0,0
C160T9NW.04,0,0,0,0.634411078,6.58E-05,0,0,0.001348551,0,0.000394698,0,0,0,0,0,0,0,0,3.29E-05,0.320626254,0.010262145,3.29E-05,0.001249877,0,0,0,0.000953853,0,0.00023024,0.030391738,0,0,0,0,0,0
E160SS50.04,0,0,0,0.022964247,0.011733374,0,0,2.51E-05,0,2.51E-05,0,0,0,0,0,0,0,0,0,0.943971257,0.021255747,0,0,0,0,0,0,0,2.51E-05,0,0,0,0,0,0,0
J160T949.04,0,0.000149656,0,0.000935349,0,0,0,0.152312182,0,0.002918288,0,0,0,0,0,0,0,0,0,0.632969171,0.061807842,0,0.03610446,0,0,0,0.100905418,0,0.010176594,0.001646214,0,0,7.48E-05,0,0,0
C160SQMB.04,0,0,0,0.001886633,0,0,0,0.00346352,0,0.000450539,0,0,0,0,0,0,0,0,0,0.981133669,0.00737758,0,0.002421648,0,0,2.82E-05,0.000197111,0,2.82E-05,0.003012981,0,0,0,0,0,0
G160SN5J.04,0,0,0,0.000926149,0.000222276,0,0,0,0,0,0,0,0,0,0,0,0,0,1.85E-05,0.988237909,0.010502528,0,1.85E-05,0,0,0,7.41E-05,0,0,0,0,0,0,0,0,0
J160T956.04,0,0.000469239,0,0.000312826,0.000104275,0,0,0.031882169,0,0.002320125,0,0,0,0,0,0,0,0,2.61E-05,0.857064651,0.042570386,0,0.032351408,0,0,0,0.03076121,0,0.000782065,0.001251303,0,0,0.000104275,0,0,0
A160SR8B.04,0,0,0,0.001686427,0,0,0,2.57E-05,0,0,0,0,0,0,0,0,0,0,0,0.997077717,0.000115861,0,2.57E-05,0,0,0,0,0,2.57E-05,0.001042753,0,0,0,0,0,0
F160SYWP.04,0,0,0,0.000117367,0,0,0,1.68E-05,0,0,0,0,0,0,0,0,0,0,0,0.999580832,0,0,0,0,0,0,0,0,0,0.000285034,0,0,0,0,0,0
D160SXKK.04,0,0,0,0.064661067,0,0,0,0,0,0,0,0,0,0,0,0,0,0,0,0.935252111,4.34E-05,0,0,0,0,0,0,0,0,4.34E-05,0,0,0,0,0,0
C160SYYH.04,0,0,0,0.003439171,0,0,0,0,0,0,0,0,0,0,0,0,0,0,0,0.996533749,0,0,0,0,0,0,0,0,0,2.71E-05,0,0,0,0,0,0
D160SS5X.04,0,0,0,8.02E-05,0,0,0,6.87E-05,0,0,0,0,0,0,0,0,0,0,0,0.997582853,1.15E-05,0,1.15E-05,0,0,0,1.15E-05,0,0,0.002176578,0,0,0,0,0,5.73E-05
B160SF8N.04,0,0,0,4.67E-05,0,0,0,0,0,0,0,0,0,0,0,0,0,0,2.34E-05,0.999135615,0.000677491,0,0,0,0,0,9.34E-05,0,0,0,0,0,0,0,0,2.34E-05
D160TJ8X.04,0,0.000188573,0,0.002941731,0.002640015,0,0,0.034999057,0,7.54E-05,0,0,0,0,0,0,0,0,0.000565718,0.824891571,0.122873845,0.000565718,0.003168018,0,0,0,0,0,0.003507449,0.003318876,0,0,0.000264002,0,0,0
F160SXLG.04,0,0,0,0.002542873,0,0,0,0,0,0,0,0,0,0,0,0,0,0,0,0.997416441,0,0,0,0,0,0,0,0,0,4.07E-05,0,0,0,0,0,0
G160SB07.04,0,0,0,0.094249369,0,0,0,0,0,0,0,0,0,0,0,0,0,0,0,0.901808242,0,0,0,0,0,7.01E-05,5.26E-05,0,0,0.003819736,0,0,0,0,0,0
K160TF17.04,0,0,0,0.002005944,0,0,0,0,0,0.00026003,0,0,0,0,0,0,0,0,0,0.997734027,0,0,0,0,0,0,0,0,0,0,0,0,0,0,0,0
B160SYG0.04,0,0,0,7.26E-05,0,0,0,0.000120939,0,0,0,0,0,0,0,0,0,0,0,0.819751832,0,0,0,0,0,0,0.180030477,0,0,2.42E-05,0,0,0,0,0,0
B160SKRY.04,0,0,0,0.006679463,0.003147793,0,0,0,0,0,0,0,0,0,0,0,0,0,0,0.927600768,0.062546385,0,0,0,0,0,0,0,0,2.56E-05,0,0,0,0,0,0
A160SQRC.04,0,0,0,0.157298191,0,0,0,0.000921934,0,0,0,0,0,0,0,0,0,0,0,0.710621221,0.002494645,0,0,0,0,0,0.000840587,0,0,0.127823423,0,0,0,0,0,0
C160SRJ7.04,0,0,0,0.000385666,0.00054636,0,0,0.020440302,0,0,0,0,0,0,0,0,0,0,0.000160694,0.837473887,0.128619637,0,0,0,0,0.001542664,0.003920938,0,0.006781295,0.000128555,0,0,0,0,0,0
D160TF0B.04,0,0,0,0.001168359,0,0,0,0,0,9.87E-05,0,0,0,0,0,0,0,0,0,0.998732907,0,0,0,0,0,0,0,0,0,0,0,0,0,0,0,0
G160SKZT.04,0,0,0,0.004612464,0,0,0,0.000177402,0,0,0,0,0,0,0,0,0,0,0,0.991821746,1.77E-05,0,0,0,0,0,0,0,0,0.003370647,0,0,0,0,0,0
J160SBKX.04,0,0,0,0.000743638,0,0,0,0,0,0,0,0,0,0,0,0,0,0,0,0.999226616,0,0,0,0,0,0,2.97E-05,0,0,0,0,0,0,0,0,0
E160NYVR.04,0,0,0,0.003760615,0,0,0,0.000222402,0,2.02E-05,0,0,0,0,0,0,0,0,0,0.988960776,0.000505459,0,0.000222402,0,0,0.005337647,0.000930044,0,4.04E-05,0,0,0,0,0,0,0
G160RC75.04,0,0,0,0.00088898,0,0,0,1.71E-05,0,0,0,0,0,0,0,0,0,0,0,0.073357951,0.000102575,0,0,0,0,0.000341915,8.55E-05,0,0,0.925206004,0,0,0,0,0,0
A160SFBG.04,0,0,0,0,0,0,0,0,0,0,0,0,0,0,0,0,0,0,0,0.962627249,0,0,0,0,0,6.97E-05,0,0,0,0.037303026,0,0,0,0,0,0
J160NS05.04,0,0,0,0.001062832,0,0,0,0.000375117,0,0,0,0.001688028,0,0,0,0,0,0,0,0.030321976,0.000687715,0,0,0,0,0,0,0,0.000125039,0.965739294,0,0,0,0,0,0
G160SPVR.04,0,0,0,0.000248578,0,0,0,2.76E-05,0,0,0,0,0,0,0,0,0,0,0,0.775230625,0.000248578,0,0,0,0,0,0,0,0,0.2242446,0,0,0,0,0,0
K160SNK8.04,0,0,0,0.001674906,0,0,0,0,0,0,0,0,0,0,0,0,0,0,0,0.614717562,0,0,0,0,0,0.000297161,2.70E-05,0,0,0.383283356,0,0,0,0,0,0
C160SMFW.04,0,0,0,0.000419982,0,0,0,0,0,0,0,0,0,0,0,0,0,0,0,0.980437666,0,0,0,0,0,0,0,0,0,0.019142352,0,0,0,0,0,0
C160SM70.04,0,0,0,0.000294178,0,0,0,0,0,0,0,0,0,0,0,0,0,0,0,0.962639451,0,0,0,0,0,0,0,0,0,0.037066371,0,0,0,0,0,0
J160SKP3.04,0,0,0,0.018183294,0,0,0,0,0,0,0,0,0,0,0,0,0,0,0,0.981816706,0,0,0,0,0,0,0,0,0,0,0,0,0,0,0,0
A160QC43.04,0,0,0,2.05E-05,1.02E-05,0,0,2.05E-05,0,0,0,0,0,0,0,0,0,0,0,0.999856694,7.17E-05,0,0,0,0,0,0,0,0,0,0,0,0,0,0,2.05E-05
C160Q551.04,0,0,0,0.000864693,0,0,0,0,0,3.46E-05,0,0,0,0,0,0,0,0,0,0.523018124,8.65E-05,0,0,0,0,0,0.000172939,0,0,0.447098091,0,0,0,0.028534864,0,0.000190232
B160QC36.04,0,0,0,0.000457895,6.54E-05,0,0,0.000305264,0,0,0,0,0,0,0,0,0,0,0,0.9976015,0.000872182,0,0,0,0,0.000501505,0.000196241,0,0,0,0,0,0,0,0,0
A160Q989.04,0,0,0,0.375890851,0,0,0,0,0,0,0,0,0,0,0,0,0,0,0,0.623194222,1.61E-05,0,0,0,0,0,0.000160514,0,0,1.61E-05,0,0,0,0.000722311,0,0
C160WB2N.04,0,0,0,0.016182864,0.000153704,0,0,0.013218567,0,0.000702648,0,0,0,0,0,0,0,0,0.00263493,0.843309473,0.092178648,0,0.005291819,0,0,0,0.017895569,0,0.008278073,0.000131747,0,0,2.20E-05,0,0,0
A160VFHD.04,0,0.000148902,0,0.010063283,0.000297804,0,0,0.01386028,0,0.001824048,0,0,0,0,0,0,0,0,0.000446706,0.880866112,0.063432188,0.000223353,0.006911527,0,0,0,0.016279935,0,0.003002854,0.002643008,0,0,0,0,0,0
B160V9RW.04,0,7.95E-05,0,0.009810712,0.000647234,0,0,0.047350313,0,0.000579105,0,0,0,0,0,0,2.27E-05,0,0.001090079,0.776374806,0.074874811,0.000397425,0.016975712,0,0,0,0.06424654,0,0.005246006,0.001987123,0,0,0.00031794,0,0,0
B160TKMP.04,0,0,0,0.00711264,0,0,0,0.063641858,0,0.000387399,0,0,0,0,0,0,0,0,0.002696295,0.760789054,0.110563588,0,0.017494925,0,0,0,0.032727442,0,0.003904979,0.000681822,0,0,0,0,0,0
A160VGBJ.04,0,6.91E-05,0,0.005817054,0.000809845,0,0,0.048936338,0,0.002755447,0,0,0,0,0,0,0,0,0.00012839,0.739131294,0.055859522,0.000967863,0.015219152,0,0,0.000730835,0.102465088,0,0.022665771,0.004325755,0.000118514,0,0,0,0,0
D160TL8J.04,0,0,0,0.000492325,0.000650572,0,0,0.061083467,0,0.002127547,0,0,0,0,0,0,0,0,7.03E-05,0.80215568,0.095897878,0,0.019657834,0,0,0,0.017090711,0,0,0.000474742,0.000281329,0,1.76E-05,0,0,0
B160TMMM.04,0,0.000434554,0,0.006101867,0.000235384,0,0,0.055079759,0,0.014666208,0,0,0,0,0,0,0,0,0.000905321,0.604664216,0.154248674,0.000977747,0.043926198,0,0,0,0.106411487,0,0.004689565,0.006663166,0,0,0.000995854,0,0,0
E160VY6K.04,0,0,0,0.001748187,0.000520736,0,0,0.011586386,0,1.86E-05,0,0,0,0,0,0,0,0,0.000297564,0.927022503,0.057857541,5.58E-05,7.44E-05,0,0,0,0.00040915,0,0.000390552,0,0,0,1.86E-05,0,0,0
D160VBP9.04,0,0,0,0.007301474,0.000905696,0,0,0.053268332,0,0.000771519,0,0,0,0,0,0,0,0,0.00039135,0.838137621,0.075139209,0.000816244,0.017264128,0,0,0,0.000380169,0,0.003768142,0.000928059,0,0,0.000928059,0,0,0
C160TL19.04,0,0.000127675,0,0.004596292,0.00010214,0,0,0.015729534,0,0.00010214,0,0,0,0,0,0,0,0,0.001838517,0.903733211,0.061641387,0,0.005362341,0,0,0,0.00308973,0,0.003574894,0,0.00010214,0,0,0,0,0
E160WJ72.04,0,1.66E-05,0,0.008671384,0,0,0,0.003405429,0,3.32E-05,0,0,0,0,0,0,0,0,0.0012625,0.864513771,0.109538523,0,0.002325659,0,0,0,0.010216286,0,1.66E-05,0,0,0,0,0,0,0
D160TQ8W.04,0,0,0,0.001106986,0,0,0,0.006199121,0,0.00524541,0,0,0,0,0,0,0,0,0.000902619,0.9630437,0.023008277,0,1.70E-05,0,0,0,0,0,0,0.000476855,0,0,0,0,0,0
C160PX6Y.04,0,0,0,0.031782722,0.061452615,0,0,0,0,0.001029327,0,0,0,0,0,0,1.81E-05,0,0,0.796030771,0.109596215,0,0,0,0,0,1.81E-05,0,0,7.22E-05,0,0,0,0,0,0
B160QB34.04,0,3.26E-05,0,0.07504568,0.003882798,0,0,0.090283216,0,0.001239885,0,0,0,0,0,0,0,0,0.000163143,0.162359697,0.309318716,0.00407857,0.31940094,0,0,0,0.000652571,0,0.029496215,0.000130514,0,0,0.003915427,0,0,0
A160PSBG.04,0,0.004848342,0,0.045192061,0.026922091,0,0,0.154713337,0,3.94E-05,0,0,0,0,0,0,0,0,0.000118252,0.492027829,0.274601391,5.91E-05,0.000335048,0,0,0,0,0,0.001005144,0,0,0,0.000137961,0,0,0
E160V2JR.04,0,2.13E-05,0,0.027294178,0.000212571,0,0,0.03800778,0,0.001594286,0,0,0,0,0,0,0,0,0.000701486,0.769870119,0.144102204,0,0.002317029,0,0,0,0.008184002,0,0,0.005101715,0,0,0.002593372,0,0,0
E160TK7B.04,0,1.67E-05,0,0.019097309,0.001020084,0,0,0.024599074,0,0.001086975,0,0,0,0,0,0,1.67E-05,0,0.001086975,0.814846402,0.1093831,0.000367899,0.018930082,0,0,0,0.000317731,0,0.008863024,0.000284286,0,0,8.36E-05,0,0,0
D160TL78.04,0,0,0,0.000409556,0,0,0,0.008297308,0,0.000303375,0,0,0,0,0,0,0,0,0.000288206,0.937777778,0.029275692,0,0.021357603,0,0,0,0.002153963,0,0,9.10E-05,3.03E-05,0,1.52E-05,0,0,0
B160Q670.04,0,4.53E-05,0,0.055934124,0.037652036,0,0,0.094991312,0,0.000513712,0,0,0,0,0,0,0,0,0.000196419,0.649361638,0.161244995,0,0,0,0,0,0,0,0,6.04E-05,0,0,0,0,0,0
B160VM92.04,0,6.06E-05,0,0.002620537,0.000227214,0,0,0.124634564,0,0.000772528,0,0,0,0,0,0,0,0,0.000196919,0.745717012,0.06340791,0.000302952,0.032733993,0,0,0,0.017025918,0,0.005150189,0.007119378,0,0,3.03E-05,0,0,0
B160VWJQ.04,0,0,0,0.000449889,1.73E-05,0,0,0.023498062,0,0.000207641,0,0,0,0,0,0,0,0,0.000138427,0.96814438,0.005069906,0,0.000830565,0,0,0,0.001124723,0,0.000294158,0.000103821,0.000121124,0,0,0,0,0
E160TRCG.04,0,0,0,0.006333485,0.001013945,0,0,0.04395233,0,0.000102864,0,0,0,0,0,0,0,0,0.002865498,0.770378099,0.174104716,0.000367372,5.88E-05,0,0,0,0,0,0.000822912,0,0,0,0,0,0,0
A160TSNQ.04,0,5.83E-05,0,0.002667327,0.000291511,0,0,0.121020872,0,0.0006559,0,0,0,0,0,0,0,0,0.000437267,0.743819963,0.040811567,4.37E-05,0.049586054,0,0,0,0.033640392,0,0.004401819,0.002565299,0,0,0,0,0,0
E160TJZB.04,0,0.000112699,0,0.027667687,0.000394448,0,0,0.068427281,0,0.001202126,0,0,0,0,0,0,0,0,0.001577791,0.761246455,0.069347659,0.00052593,0.015120494,0,0,0,0.051034016,0,0.001352392,0.000864028,9.39E-05,0,0.001033077,0,0,0
A160WTHX.04,0,0,0,0.019346545,4.28E-05,0,0,0.012340653,0,0.00040707,0,0,0,0,0,0,0,0,0.001349759,0.851976433,0.096111409,8.57E-05,0.008955544,0,0,0,0.000835565,0,0.005763257,0.002763792,0,0,2.14E-05,0,0,0
E160VKFR.04,0,5.60E-05,0,0.004576189,0.000130748,0,0,0.016324853,0,0.004090553,0,0,0,0,0,0,3.74E-05,0,0.000149427,0.824778662,0.041876798,0.000130748,0.004725615,0,0,0.000130748,0.087059659,0,0.004202622,0.011599238,0,0,9.34E-05,0,0,3.74E-05
D160PSDD.04,0,1.77E-05,0,0.030573316,0,0,0,0.075859267,0,0.000300258,0,0,0,0,0,0,0,0,0.001448303,0.722897312,0.168903882,0,0,0,0,0,0,0,0,0,0,0,0,0,0,0
C160VTDG.04,0,4.83E-05,0,0.001562676,3.22E-05,0,0,0.038470833,0,0.000209431,0,0,0,0,0,0,0,0,0.000306091,0.918466966,0.033041741,6.44E-05,0.00241651,0,0,0,0.001997648,0,0.002319849,0.000998824,3.22E-05,0,3.22E-05,0,0,0
C160Q8L5.04,0,0,0,0.004275542,0.027114317,0,0,0.009335445,0,0.001245751,0,0,0,0,0,0,0,0,0.000292213,0.884283539,0.070085049,0,0,0,0,0,0,0,0.003075929,0.000169176,0,0,0.000123037,0,0,0
B160W4SH.04,0,0,0,0.000749808,0.000131216,0,0,0.00952256,0,7.50E-05,0,0,0,0,0,0,0,0,0.003580333,0.940558982,0.038690086,0,0.006542074,0,0,0,0.000131216,0,1.87E-05,0,0,0,0,0,0,0
B160Q7YH.04,0,0,0,0.00174272,0,0,0,0,0,4.59E-05,0,0,0,0,0,0,0,0,0.000733777,0.926882214,0.070473133,0,0,0,0,0,0,0,0,0.000122296,0,0,0,0,0,0
E160V0RD.04,0,0,0,0.005753061,0.000590058,0,0,0.104636869,0,0.002507745,0,0,0,0,0,0,0.0003442,0,0.0003442,0.66376555,0.133844717,0.000540886,0.057333923,0,0,0,0.006539804,0,0.022471358,0.001081772,0,0,0.000245857,0,0,0
B160VBR3.04,0,0,0,0.001945298,0.000103749,0,0,0.020983283,0,0.000207498,0,0,0,0,0,0,7.78E-05,0,0.000453903,0.870572825,0.073480398,0,0.030229934,0,0,0,0.001024524,0,0.000804057,0.000116718,0,0,0,0,0,0
A160WZN1.04,0,0.000204734,0,0.009776072,0,0,0,0.033166987,0,0.00762636,0,0,0,0,0,0,0,0,0.000102367,0.825131158,0.042380038,0.000204734,0.004069098,0,0,0,0.06925144,0,0.005118362,0.002610365,0.00028151,0,7.68E-05,0,0,0
C160VM9Z.04,0,0.000163937,0,0.00712217,9.11E-05,0,0,0.124556003,0,0.003060165,0,0,0,0,0,0,0,0,0.000382521,0.677480464,0.067105047,1.82E-05,0.04961839,0,0,0,0.054991894,0,0.004499171,0.0108563,0,0,5.46E-05,0,0,0
A160TX75.04,0,7.71E-05,0,0.00087325,5.14E-05,0,0,0.026428663,0,0.013098754,0,0,0,0,0,0,0,0,0.000462309,0.859329652,0.031282907,2.57E-05,0.00891229,0,0,0,0.054192886,0,0.003005008,0.002183126,0,0,7.71E-05,0,0,0
E160QCV7.04,0,0,0,0.007534317,0,0,0,5.90E-05,0,0.000117954,0,0,0,0,0,0,0,0,7.37E-05,0.980596553,0.011515268,0,0,0,0,0,5.90E-05,0,0,4.42E-05,0,0,0,0,0,0
C160Q97D.04,0,1.43E-05,0,0.000544303,4.30E-05,0,0,0.012719512,0,0.078709141,0,0,0,0,0,0,0,0,0,0.907253559,0.000386742,0,5.73E-05,0,0,0,5.73E-05,0,0.00011459,8.59E-05,0,0,0,1.43E-05,0,0
D160WJ8C.04,0,0,0,0.009439813,0.001332139,0,0,0.01750155,0,0.001492914,0,0,0,0,0,0,0,0,0.000206711,0.893176233,0.063667057,0,0.000574198,0,0,0.00011484,0.011552861,0,0.000734973,0.000206711,0,0,0,0,0,0
E160TQH5.04,0,1.15E-05,0,0.000230776,1.15E-05,0,0,0.030381704,0,0.000207699,0,0,0,0,0,0,0,0,9.23E-05,0.928517031,0.039855072,0,0.000357703,0,0,0,0,0,0.000311548,2.31E-05,0,0,0,0,0,0
E160QC5X.04,0,0,0,0.000499869,0,0,0,0.000174954,0,0.010784669,0,0,0,0,0,0,0,0,1.25E-05,0.987528274,0.000312418,0,0,0,0,0,0,0,0.000274928,0.000337411,0,0,0,7.50E-05,0,0
D160QF9R.04,0,0,0,0.003362856,0,0,0,0,0,0,0,0,0,0,0,0,0,0,0,0.996343872,0,0,0,0,0,0,3.91E-05,0,0,0.000254169,0,0,0,0,0,0
E160V0YJ.04,0,4.40E-05,0,0.004853728,0.00019063,0,0,0.099010191,0,0.00107046,0,0,0,0,0,0,0,0,0.000894494,0.768282132,0.06808417,0.000161302,0.032964294,0,0,0,0.01236161,0,0.007830486,0.004135201,1.47E-05,0,0.000102647,0,0,0
C160X7TL.04,0,0,0,0.001520067,0.000111224,0,0,0.13613866,0,0.002799147,0,0,0,0,0,0,0,0,9.27E-05,0.742496988,0.026397256,0.000166837,0.035684493,0,0,0,0.038669015,0,0.000908333,0.011511725,0.002743535,0,0.000760033,0,0,0
C160V9WS.04,0,6.85E-05,0,0.000999493,4.11E-05,0,0,0.155674521,0,0.001547161,0,0,9.58E-05,0,0,0,0,0,0,0.716924299,0.063077618,8.22E-05,0.049153169,0,0,0,0.004504566,0,0.001903145,0.005860044,0,0,6.85E-05,0,0,0
C160WH7T.04,0,1.96E-05,0,0.000176658,0,0,0,0.045930986,0,0.00186472,0,0,0,0,0,0,0,0,1.96E-05,0.902347584,0.027990421,0,0.013936325,0,0,0,0.006928905,0,0.0001374,0.000157029,0.000353315,0,0.0001374,0,0,0
D160TYYV.04,0,0.00021368,0,0.018756381,0.000854721,0,0,0.172701156,0,0.002825328,0,0,0,0,0,0,0,0,0.00052233,0.4786201,0.127519647,0.001543247,0.048695363,0,0,0,0.09290344,0,0.048362972,0.005436976,0,0,0.001044659,0,0,0
E160VB87.04,0,4.33E-05,0,0.00334593,0,0,0,0.005186733,0,0.018267263,0,0,0,0,0,0,0,0,4.33E-05,0.924202228,0.025489708,1.08E-05,0.005803944,0,0,0,0.009593832,0,0,0.007893796,0,0,0.000119111,0,0,0
B160T9RY.04,0,2.12E-05,0,0.003076466,2.12E-05,0,0,0.149749639,0,0.002397522,0,0,0,0,0,0,0,0,6.37E-05,0.662331325,0.051111771,0.000127302,0.029661377,0,0,0,0.095179496,0,0.001209369,0.004858695,0,0,0.000190953,0,0,0
D160W0VN.04,0,4.32E-05,0,0.004702449,0,0,0,0.022982541,0,0.004259229,0,0,0,0,0,0,0,0,3.24E-05,0.9279066,0.012572293,2.16E-05,0.002107994,0,0,0,0.019296254,0,0.000648614,0.004918653,0,0,0.000508081,0,0,0
E160TQS0.04,0,0,0,0.006105234,0.000326234,0,0,0.005406161,0,0,0,0,0,0,0,0,0,0,0.000128163,0.913687841,0.067996458,0.000442746,0,0,0,0,9.32E-05,0,0.005312951,0.0004777,0,0,2.33E-05,0,0,0
C160V6VY.04,0,6.00E-05,0,0.011528531,2.00E-05,0,0,0.022596722,0,0.001260933,0,0,0,0,0,0,0,0,0.0005404,0.846766607,0.090266797,0.000280207,0.001801333,0,0,0,0.017552989,0,0.005163821,0.001921422,4.00E-05,0,0.000200148,0,0,0
A160V3G4.04,0,7.76E-05,0,0.003429547,6.21E-05,0,0,0.016185599,0,0.004903786,0,0,0,0,0,0,0,0,6.21E-05,0.870437616,0.035723153,0.000294848,0.006269398,0,0,0,0.044072005,0,0.004810677,0.013283675,0,0,0.000387958,0,0,0
B160QHK2.04,0,0,0,0.037955431,0.000322633,0,0,0.003756366,0,3.46E-05,0,0,0,0,0,0,0,0,0.000725924,0.866095914,0.087583251,0,0,0,0,0,1.15E-05,0,0.000772014,0.002742378,0,0,0,0,0,0
A160TN59.04,0,8.73E-05,0,0.007802273,0.000296731,0,0,0.041088478,0,0.075072874,0,0,0,0,0,0,0,0,0.000209457,0.778743607,0.020893334,0.000593461,0.006650259,0,0,0,0.054650818,0,0.003909864,0.008325915,0.000925102,0,0.000750554,0,0,0
D160WZF6.04,0,0,0,0.02435735,0.000585775,0,0,0.021632814,0,0.010925389,0,0,0,0,0,0,0,0,0.000122604,0.772283297,0.069707249,0.002261365,0.022055117,0,0,0.000190718,0.047120847,0,0.021360361,0.007083793,8.17E-05,0,0,0,0.000231586,0
A160QHRN.04,0,0,0,0.008815483,0.02281555,0,0,0,0,5.07E-05,0,0,0,0,0,0,0,0,0.000168879,0.950788665,0.017343871,0,0,0,0,0,1.69E-05,0,0,0,0,0,0,0,0,0
A160VXQM.04,0,0,0,0.00436212,0,0,0,0.007370479,0,4.30E-05,0,0,0,0,0,0,0,0,0.002449664,0.830242603,0.155188345,0,0,0,0,0,0,0,0.000343812,0,0,0,0,0,0,0
E160WDS2.04,0,0,0,0.004365492,3.78E-05,0,0,0.035112917,0,0.000453558,0,0,0,0,0,0,0,0,0.000548049,0.895870736,0.05678919,1.89E-05,0.003836341,0,0,0,0.000661438,0,0.001776434,0.00032127,0,0,0.000207881,0,0,0
C160W7Z9.04,0,0,0,0.001821237,0.000641281,0,0,0.001103002,0,0.000243687,0,0,0,0,0,0,0,0,1.28E-05,0.97572112,0.019956649,0,0,0,0,0.000179559,0.000192384,0,0,0.000102605,0,0,2.57E-05,0,0,0
C160TY4R.04,0,5.22E-05,0,0.013082819,5.22E-05,0,0,0.007625116,0,0.000678949,0,0,0,0,0,0,0,0,0.003460027,0.883377509,0.091279427,0,0.000235021,0,0,0,0,0,0,0.00015668,0,0,0,0,0,0
C160QKH9.04,0,0,0,0.000226075,0,0,0,0,0,0,0,0,0,0,0,0,0,0,0,0.805519054,2.83E-05,0,0,0,0,0,0,0,0,0.194226612,0,0,0,0,0,0
B160QBKG.04,0,0,0,0.001568189,0.000927277,0,0,0.000245456,0,0.001322733,0,0,0,0,0,0,0,0,0.000490911,0.953158878,0.041141096,0,8.18E-05,0,0,0,0.000163637,0,1.36E-05,0.000886368,0,0,0,0,0,0
B160TX8F.04,0,1.29E-05,0,0.00094336,0,0,0,0.018893039,0,0.000633214,0,0,0,0,0,0,0,0,2.58E-05,0.961541941,0.014279622,0,0.002468242,0,0,0,0.000814132,0,0.000167996,2.58E-05,0,0,0.000193841,0,0,0
D160W0DT.04,0,0.000421334,0,0.00233489,8.78E-05,0,0,0.020382009,0,0.007092448,0,0,0,0,0,0,0,0,0.000509111,0.89078684,0.050402022,0.000140445,0.00684667,0,0,0,0.00918156,0,0.009111337,0.001632667,0,0,0.001070889,0,0,0
D160TZM9.04,0,3.39E-05,0,0.004065178,5.08E-05,0,0,0.016497849,0,0.00347234,0,0,0,0,0,0,0,0,0.000101629,0.894965954,0.011907585,1.69E-05,0.001033233,0,0,3.39E-05,0.053118331,0,0.001710763,0.012873065,0,0,0.000118568,0,0,0
B160V63Z.04,0,1.62E-05,0,0.020855935,0.00045339,0,0,0.076347621,0,0.0012954,0,0,0,0,0,0,0,0,0.000210502,0.649238143,0.04482083,0.00097155,0.004274819,0,0,0,0.185128811,0,0.003853814,0.012160565,0,0,0.000372427,0,0,0
C160VB7B.04,0,0,0,0.002967534,3.53E-05,0,0,0.021467516,0,0.000482813,0,0,0,0,0,0,0,0,2.36E-05,0.94306339,0.027802965,0,0,0,0,0,9.42E-05,0,0.000494589,0.003568106,0,0,0,0,0,0
C160WTFF.04,0,0,0,0.001996897,1.65E-05,0,0,0.153959138,0,0.000858171,0,0,0,0,0,0,0,0,0.000115523,0.790177245,0.047100373,0,0.000544608,0,0,0,0.000693138,8.25E-05,0.000247549,0.004142324,0,0,6.60E-05,0,0,0
B160TN6K.04,0,0.000103738,0,0.002356324,0.000118557,0,0,0.122499185,0,0.001437506,0,0,0,0,0,0,0,0,0.000118557,0.826017369,0.016375708,0.000118557,0.003304781,0,0,0,0.024467234,0,0.000785441,0.002015472,5.93E-05,0,0.000222295,0,0,0
C160TVYQ.04,0,0,0,0.000468985,6.17E-05,0,0,0.021992941,0,0.002184484,0,0,0,0,0,0,0.000246834,0,0.000246834,0.86152593,0.059240244,0,0.050489966,0,0,0,0.000777528,0,0.002530052,0.000222151,0,0,1.23E-05,0,0,0
A160TBNQ.04,0,1.42E-05,0,0.007324814,5.67E-05,0,0,0.027259075,0,0.002422714,0,0,0,0,0,0,0,0,0.000170015,0.779490522,0.005440481,0,0.005752175,0,0,0,0.167167266,0,0.000311694,0.003981185,0.00060922,0,0,0,0,0
D160TRZG.04,0,1.49E-05,0,0.033398909,0.000998539,0,0,0.078810099,0,0.000476914,0,0,0,0,0,0,0,0,0.000745179,0.709887031,0.160794659,0.000894214,0.000134132,0,0,0,8.94E-05,0,0.010819995,0.002786968,0,0,0.000149036,0,0,0
D160TS0H.04,0,0,0,0.077279297,0.001504292,0,0,0.065805386,0,0.000619414,0,0,0,0,0,0,0,0,0.00014748,0.733327434,0.090198508,0.002507153,0.016134265,0,0,0,0.00274312,0,0.008111377,0.000117984,0,0,0.001504292,0,0,0
B160QL75.04,0,0,0,0.022179661,0,0,0,0.001204745,0,0.002502162,0,0,0,0,0,0,0,0,0.001343754,0.941708884,0.029871494,0,4.63E-05,0,0,0,0,0,0.001003954,0.000108118,0,0,0,3.09E-05,0,0
B160Q7XL.04,0,0,0,0.073216257,4.87E-05,0,0,0.001038759,0,6.49E-05,0,0,0,0,0,0,0,0,0.001379601,0.9022593,0.021765241,0,0,0,0,0,0,0,0.000227228,0,0,0,0,0,0,0
C160TZKH.04,0,0,0,0.00390767,0,0,0,0.00739731,0,0.000436205,0,0,0,0,0,0,0,0,0.00041803,0.949600145,0.036586696,0,0,0,0,1.82E-05,0,0,0.000381679,9.09E-05,0,0,0.001163213,0,0,0
A160VJ7R.04,0,0,0,0.001206273,0,0,0,0.002757195,0,0.000215406,0,0,0,0,0,0,0,0,0.001033948,0.948474927,0.045536791,0,4.31E-05,0,0,0,0,0,0.000129243,0.000560055,0,0,4.31E-05,0,0,0
A160VLCH.04,0,0,0,0.005729815,0.000267748,0,0,0.006760646,0,0.000508722,0,0,0,0,0,0,0,0,0,0.918858856,0.049399574,0.000187424,0.000749695,0,0,0,0.001057606,0,0.015944415,0.000535497,0,0,0,0,0,0
A160VDM5.04,0,0,0,0.002480081,1.95E-05,0,0,1.95E-05,0,0,0,0,0,0,0,0,0,0,0.000312451,0.83705671,0.159896891,0,3.91E-05,0,0,1.95E-05,0.000156226,0,0,0,0,0,0,0,0,0
E160P8SV.04,0,0,0,0.005005871,0,0,0,0.00142142,0,0,0,0,0,0,0,0,0,0,3.09E-05,0.993191603,0.000226603,0,0,0,0,0,2.06E-05,0,0,2.06E-05,0,0,0,8.24E-05,0,0
F160V00X.04,0,1.46E-05,0,0.005472753,0.00114986,0,0,0.039066139,0,8.73E-05,0,0,0,0,0,0,0,0,0.001339078,0.741412436,0.189435841,0.000305659,0.000203773,0,0,2.91E-05,0.001382743,0,0.020042501,5.82E-05,0,0,0,0,0,0
J160Q8CD.04,0,0.002373619,0,0.000791206,0,0,0,0.148365311,0,0.000791206,0,0,0,0,0,0,0,0,0.00032496,0.504789624,0.047218062,0,0.217172003,0,0,0,0.073144197,0,0.000197802,0.004648337,0.000183673,0,0,0,0,0
G160TYJF.04,0,0.00245282,0,0.007724552,0,0,0,0.008987571,0,0.002361297,0,0,0,0,0,0,0,0,0.001043364,0.807380425,0.040270176,0,0.006937453,0,0,0,0.117204518,0,1.83E-05,0.005363255,0,0,0.000256265,0,0,0
J160QKFH.04,0,0,0,0.026514958,0.001534134,0,0,0.083277934,0,0.000153413,0,0,0,0,0,0,0,0,0.000690361,0.595141907,0.223779085,0.000562516,0.004576835,0,0,0,5.11E-05,0,0.060956277,0.001457428,2.56E-05,0,0.001278445,0,0,0
F160VK3C.04,0,0.000717441,0,0.06787373,0.00013216,0,0,0.074915984,0,0.000660801,0,0,0,0,0,0,0,0,0.018294755,0.525544689,0.207491598,0.003379526,0.035494468,0,0,0,0.041403919,0,0.020560359,0.003436167,0,0,9.44E-05,0,0,0
F160V5RN.04,0,4.46E-05,0,0.001277595,4.46E-05,0,0,0.086371334,0,0.001099326,0,0,0,0,0,0,0,0,0.001069614,0.739578691,0.043854176,0,0.111685533,0,0,0,0.000876489,0,0.000891345,0.013177051,0,0,2.97E-05,0,0,0
H160TYHJ.04,0,1.61E-05,0,0.027973377,0.000257226,0,0,0.008440243,0,8.04E-05,0,0,0,0,0,0,0,0,4.82E-05,0.904167069,0.058969165,0,1.61E-05,0,0,0,3.22E-05,0,0,0,0,0,0,0,0,0
K160QJVW.04,0,0,0,0.013855286,0.034468854,0,0,0.000887125,0,6.45E-05,0,0,0,0,0,0,0,0,4.84E-05,0.822816865,0.122616859,0,0,0,0,0,9.68E-05,0,0.004903384,0.000177425,0,0,6.45E-05,0,0,0
J160TQTY.04,0,0,0,0.036986787,0,0,0,0,0,0.00012223,0,0,0,0,0,0,0,0,0.002701282,0.790546735,0.16961852,0,0,0,0,0,0,0,0,2.44E-05,0,0,0,0,0,0
F160V2HV.04,0,0,0,0.054764415,0.00444905,0,0,0.116157736,0,0.000107206,0,0,0,0,0,0,0,0,0.004252506,0.666464166,0.153715582,0,8.93E-05,0,0,0,0,0,0,0,0,0,0,0,0,0
F160VK4B.04,0,0.002028681,0,0.02339979,5.25E-05,0,0,0.038037775,0,0.008044771,0,0,0,0,0,0,1.75E-05,0,0.042987058,0.655981112,0.148426023,0.000629591,0.039314446,0,0,0,0.019027632,0,0.011070304,0.010510668,0,0,0.000472193,0,0,0
J160WXFF.04,0,0.002604099,0,0.009192469,0.000182287,0,0,0.052602797,0,0.014140257,0,0,0,0,0,2.60E-05,0,0,0.001822869,0.700450509,0.108356553,0.000468738,0.050389313,0,0,0,0.046561287,0,0.004895706,0.004843624,0.002291607,0,0.001171844,0,0,0
G160W213.04,0,0.00257269,0,0.006476081,0.000155249,0,0,0.028676617,0,0.005699838,0,0,0,0,0,0,4.44E-05,0,0.002195657,0.725875491,0.058395618,0.000243962,0.009159662,0,0,0,0.135731553,0,0.014415933,0.008560846,0.000931491,0,0.000864956,0,0,0
K160W2Z7.04,0,0,0,0.008062194,0.000639857,0,0,0.029081486,0,1.60E-05,0,0,0,0,0,0,0,0,0.002495441,0.820200275,0.138353009,0,3.20E-05,0,0,0,3.20E-05,0,0.001087756,0,0,0,0,0,0,0
G160VTFC.04,0,0.00465093,0,0.001525305,0,0,0,0.056636327,0,0.00130026,0,0,0,0,0,0,0,0,0.00155031,0.74989998,0.056786357,0.000125025,0.035832166,0,0,0,0.083241648,0,0.00410082,0.00265053,0.001525305,0,0.000175035,0,0,0
K160W5M2.04,0,0.002785976,0,0.01307992,0.00016527,0,0,0.048117105,0,0.004037304,0,0,0,0,0,0,0,0,0.000873569,0.77419431,0.10350608,0.000802739,0.009703695,0,0,0,0.031424861,0,0.007814898,0.001558258,0,0,0.001936017,0,0,0
K160W1Y8.04,0,0.005373926,0,0.011458062,9.47E-05,0,0,0.054165384,0,0.017518525,0,0,0,0,0,0,0,0,0.008546199,0.609763026,0.09187756,0.000236737,0.046731848,0,0,0,0.107691579,0,0.015695651,0.029236997,7.10E-05,0,0.001538789,0,0,0
K160WH8Q.04,0,0.001695944,0,0.002410026,0.000303485,0,0,0.035025707,0,0.00017852,0,0,0,0,0,0,0,0,0.001535276,0.885282776,0.05393102,0.000232077,0.008747501,0,0,0,0.009657955,0,0.000589117,0.000321337,0,0,8.93E-05,0,0,0
J160PF3C.04,0,0,0,5.29E-05,0,0,0,7.93E-05,0,0.000356779,0,0,0,0,0,0,0,0,0.000660703,0.940417828,0.058366479,0,1.32E-05,0,0,0,2.64E-05,0,0,2.64E-05,0,0,0,0,0,0
J160THHM.04,0,0,0,6.23E-05,0,0,0,0,0,9.78E-05,0,0,0,0,0,0,0,0,0.000320194,0.991995162,0.00750676,0,0,0,0,0,8.89E-06,0,0,8.89E-06,0,0,0,0,0,0
G160W0NV.04,0,0.001302932,0,0.017108058,0.000311571,0,0,0.019883869,0,0.067950715,0,0,0,0,0,0.002747486,0,0,0.000849738,0.548817448,0.035320776,5.66E-05,0.141424727,0,0.000226597,0,0.071094746,0,0.084350659,0.006514658,0.000566492,0,0.001472879,0,0,0
J160VWL0.04,0,0,0,0.008529814,0.000603525,0,0,0.099822966,0,0.006075481,0,0,0,0,0,0,0,0,0.002655508,0.618250583,0.150961616,0.00024141,0.038022049,0,0,0,0.019232317,0,0.054518387,0.000523055,0,0,0.00056329,0,0,0
K160TL26.04,0,0.000524881,0,0.028585848,0.000242253,0,0,0.050166549,0,0.000827698,0,0,0,0,0,0,0,0,0.004522055,0.696981932,0.165115575,4.04E-05,0.024083981,0,0,0,0.007893409,0,0.019965681,0.000545069,0.00018169,0,0.000323004,0,0,0
G160QB41.04,0,0.000190662,0,0.007562918,0.001398187,0,0,0.066498602,0,0.000360139,0,0,0,0,0,0,0,0,0.001080417,0.778069655,0.092555716,0.000783832,0.032306584,0,0,0,0.002626896,0,0.015316499,0.000635539,0,0,0.000614355,0,0,0
G160WLV2.04,0,0.000821618,0,0.010772321,0.000387986,0,0,0.012232974,0,0.000387986,0,0,0,0,0,0,0,0,0.001392186,0.868769399,0.063629724,4.56E-05,0.006276246,0,0,0,0.02279989,0,0.012369911,4.56E-05,0,0,6.85E-05,0,0,0
F160TQVV.04,0,1.88E-05,0,0.029993979,0,0,0,0.000188168,0,0.000620954,0,0,0,0,0,0,0,0,0.002220382,0.902924131,0.056318681,0,1.88E-05,0,0,0,0.00088439,0,0,0.006811681,0,0,0,0,0,0
F160QH07.04,0,0,0,0.001575834,0.000716288,0,0,0.037083274,0,0.005730307,0,0,0,0,0,0,0,0,0.000347912,0.752921433,0.200683544,0,0,0,0,0.000122792,0,0,0.000122792,0.000511635,0,0,0.000184188,0,0,0
F160W3YM.04,0,6.13E-05,0,0.003268641,0,0,0,0.013054137,0,2.04E-05,0,0,0,0,0,0,0,0,0.001961185,0.91421859,0.067252298,0,0.000143003,0,0,0,2.04E-05,0,0,0,0,0,0,0,0,0
J160QFTL.04,0,0,0,0.013904597,0.003814339,0,0,0.010112434,0,0,0,0,0,0,0,0,0,0,0.000155235,0.741667221,0.230279644,0,4.44E-05,0,0,0,2.22E-05,0,0,0,0,0,0,0,0,0
H160V7FQ.04,0,3.41E-05,0,0.006712438,0.000511099,0,0,0.015929264,0,0.000937016,0,0,0,0,0,0,0,0,0.000494063,0.887967017,0.07049764,0.000681466,0.000851832,0,0,0,0.004514711,0,0.01076716,0.00010222,0,0,0,0,0,0
K160TL01.04,0,0.000828936,0,0.001594108,6.38E-05,0,0,0.032360396,0,0.000876759,0,0,0,0,0,0,0,0,0.004893912,0.730420366,0.177743062,3.19E-05,0.020595878,0,0,0,0.025601377,0,0.00412874,0.000781113,0,0,7.97E-05,0,0,0
K160W0Q4.04,0,0.000374611,0,0.011331975,0.000187305,0,0,0.125190232,0,0.00051509,0,0,0,0,0,0,0,0,0.004495329,0.750204865,0.081665145,0.000468263,0.009177964,0,0,0,0.003418323,0,0.010957365,0.001264311,0,0,0.000749222,0,0,0
H160VH7S.04,0,0.002599725,0,0.019778711,0.001060688,0,0,0.040493324,0,0.000353563,0,0,0,0,0,0,0,0,0.002412545,0.680628926,0.096917765,0.003078075,0.015598353,0,0,0,0.120793644,0,0.015161599,0.000894306,4.16E-05,0,0.00018718,0,0,0
K160V156.04,0,0.000726831,0,0.003171625,0.000317162,0,0,0.035958293,0,0.001836899,0,0,0,0,0,0,0,0,0.001599027,0.847312709,0.079237753,0.000290732,0.010783523,0,0,0,0.011404633,0,0.003951316,0.003356636,2.64E-05,0,2.64E-05,0,0,0
H160W617.04,0,2.08E-05,0,0.052461948,0.000187141,0,0,0.012871164,0,0,0,0,0,0,0,0,0,0,0.001413957,0.851784081,0.050777676,0.000249522,0.024640273,0,0,0,0.001226815,0,0.002973468,0.000291109,0,0,0.001102054,0,0,0
H160V7CX.04,0,0,0,0.004427858,0.001525316,0,0,0.013683416,0,2.96E-05,0,0,0,0,0,0,0,0,0.000651591,0.87418366,0.095517349,0.000148089,0.007123077,0,0,0,0.000592356,0,0.002014009,4.44E-05,0,0,5.92E-05,0,0,0
J160TL6C.04,0,2.18E-05,0,0.00274056,0.00045676,0,0,0.088437446,0,0.000478511,0,0,0,0,0,0,0,0,0.001544284,0.814359666,0.083782843,0.000391509,0.004002088,0,0,0,0,0,0.003567078,6.53E-05,0,0,0.000152253,0,0,0
J160WR76.04,0,0.00033264,0,0.000715177,1.66E-05,0,0,0.064648649,0,0.001347193,0,0,0,0,0,0,0,0,0.001164241,0.893422037,0.022719335,0,0.005721414,0,0,0,0.004274428,0,0.001031185,0.004573805,0,0,3.33E-05,0,0,0
G160TZP3.04,0,0.001591033,0,0.063641329,0.000427442,0,0,0.157179834,0,0.001258579,0,0,0,0,0,0,0,0,0.003585761,0.51537603,0.167604664,0.002113462,0.014865475,0,0,0,0.068746883,0,0.003063333,0.000403695,0,0,0.000142481,0,0,0
H160W0MY.04,0,0.000350607,0,0.002945095,1.75E-05,0,0,0.087581516,0,0.002839913,0,0,0,0,0,1.75E-05,0,0,0.00054344,0.785043125,0.03800575,8.77E-05,0.048997265,0,0,0,0.010290302,0,0.001788093,0.021159105,1.75E-05,0,0.000315546,0,0,0
F160T71M.04,0,3.93E-05,0,0.000560345,0,0,0,0.009742143,0,0.003145798,0,0,0,0,0,0,0,0,0.000285088,0.952881846,0.019454794,9.83E-06,0.003686482,0,0,0,0.003804449,0,0.000776619,0.005593622,0,0,1.97E-05,0,0,0
K160V9N6.04,0,0.000275024,0,0.002587726,3.75E-05,0,0,0.063030515,0,0.00251272,0,0,0,0,0,0.00011251,0,0,0.000762567,0.802207693,0.058817647,6.25E-05,0.051929544,0,0,0,0.010488418,0,0.004375383,0.002562724,0,0,0.000237521,0,0,0
J160X7Y8.04,0,0.001193752,0,0.005847362,6.07E-05,0,0,0.063450955,0,0.010541437,0,0,0,0,0,0,0,0,0.000768857,0.814685173,0.058068954,0.000485594,0.01193752,0,0,6.07E-05,0.014729686,0,0.003783587,0.009732114,0.00406685,0,0.000586759,0,0,0
H160V9P3.04,0,0.000969039,0,0.003569294,8.08E-05,0,0,0.026987742,0,0.001695819,0,0,0,0,0,0,0,0,0.001308203,0.861249738,0.035886752,9.69E-05,0.016150653,0,0,0,0.037776378,0,0.003488541,0.010207213,0,0,0.000516821,0,0,1.62E-05
F160WXGB.04,0,0.000614334,0,0.00605802,1.71E-05,0,0,0.005204778,0,0.03996587,0,0,0,0,0,0,0,0,0.000511945,0.888549488,0.01883959,1.71E-05,0.027593857,0,0,0,0.008498294,0,0.000255973,0.003225256,0.000426621,0,0.000221843,0,0,0
G160X7ZK.04,0,0.000737199,0,0.012974704,2.11E-05,0,0,0.037892032,0,0.007350928,0,0,0,0,0,0,6.32E-05,0,0.000674011,0.854624344,0.051772437,0.000168503,0.008383007,0,0,0,0.01718727,0,0.001558649,0.005560587,0.000800388,0,0.000231691,0,0,0
J160VTC5.04,0,5.94E-05,0,0.016064814,0.002456272,0,0,0.052968326,0,3.96E-05,0,0,0,0,0,0,3.96E-05,0,0.002575124,0.62040687,0.166452073,0.002297803,0.090268011,0,0,0,0.02272052,0,0.023413822,0.000178278,0,0,5.94E-05,0,0,0
H160TXRY.04,0,0.004377063,0,0.003088653,5.29E-05,0,0,0.060043418,0,0.004535908,0,0,0,0,0,0,0,0,0.001023668,0.809791913,0.045959159,0.000229443,0.043558834,0,0,0,0.023685557,0,0.001447255,0.001306059,0.000141196,0,0.000741277,0,0,1.76E-05
F160V4F8.04,0,2.50E-05,0,0.001326481,0.000108454,0,0,0.003462199,0,0.000425475,0,0,0,0,0,0,0,0,0.000400447,0.982296898,0.009961123,8.34E-06,0.000433818,0,0,0,0,0,8.34E-06,0.00154339,0,0,0,0,0,0
J160V0BH.04,0,6.29E-05,0,0.002946203,0.000251633,0,0,0.035501221,0,0.00071296,0,0,0,0,0,0,0,0,0.000230664,0.914958533,0.023527685,0.000754899,0.011816266,0,0,0,0.00109041,0,0.00269457,0.004571333,0,0,0.000880715,0,0,0
J160TMKR.04,0,0,0,0.002858491,8.09E-05,0,0,0.019133014,0,0.000458437,0,0,0,0,0,0,0,0,0.001078676,0.898146026,0.062104766,0,0.012310389,0,0,0,0.002103418,0,0.000701139,0.000458437,0.000188768,0,0.000377537,0,0,0
J160TKYS.04,0,0.000732547,0,0.003687154,0.001343003,0,0,0.083901057,0,0.002686006,0,0,0,0,0,0,0,0,0.002979025,0.643542598,0.175542695,2.44E-05,0.045149318,0,0,0,0.025419383,0,0.013771885,0.000781384,0.000390692,0,4.88E-05,0,0,0
G160TQBP.04,0,0.000146421,0,0.001131433,1.33E-05,0,0,0.020259298,0,0.001011634,0,0,0,0,0,0,0,0,0.001118122,0.950709475,0.019101243,0,0.000452573,0,0,0,0.001450896,0,0.000332774,0.0042462,0,0,2.66E-05,0,0,0
H160W0TC.04,0,0.000605547,0,0.00115919,0,0,0,0.063046073,0,0.000934272,0,0,0,0,0,5.19E-05,0,0,0.000311424,0.878994446,0.026332636,0,0.006401495,0,0,0,0.018304815,0,0.000449835,0.003321857,0,0,8.65E-05,0,0,0
H160WN1B.04,0,0,0,0.002428416,7.25E-05,0,0,0.068086263,0,0.001721638,0,0,0,0,0,0,0,0,0.000163103,0.870061617,0.051776006,0,0.000344328,0,0,9.06E-05,0.001830373,0,0.001631026,0.001739761,0,0,5.44E-05,0,0,0
K160X7VH.04,0,0.001074797,0,0.00089932,0,0,0,0.131454266,0,0.003334064,0,0,0,0,0,0,0,0,0.000592235,0.738363676,0.022724282,0,0.053169555,0,0,0,0.035227023,0,0.000263216,0.008905462,0.003334064,0,0.000658039,0,0,0
G160TMJH.04,0,0,0,0.023134723,0,0,0,9.52E-05,0,0.007916182,0,0,0,0,0,0,0,0,0.000740819,0.9121706,0.03340036,0,0,0,0,0,0.022531485,0,0,1.06E-05,0,0,0,0,0,0
H160TK89.04,0,7.16E-05,0,0.000399185,0,0,0,0.001166849,0,0.000174004,0,0,0,0,0,0,0,0,0.000143297,0.990470732,0.006427906,2.05E-05,6.14E-05,0,0,0,0.000767664,0,0.000133062,0.000163768,0,0,0,0,0,0
F160V6Y6.04,0,0,0,0.000707087,0,0,0,0.001699119,0,0.000337713,0,0,0,0,0,0,0,0,0.000422141,0.968666561,0.028009076,0,0,0,0,0,0,0,0.000126642,1.06E-05,0,0,1.06E-05,0,0,1.06E-05
F160W5MZ.04,0,0.00183935,0,0.000585248,0,0,0,0.022991869,0,0.078339569,0,0,0,0,0,0,0,0,0.00025082,0.851033589,0.009405765,2.09E-05,0.000794265,0,0,0,0.032084108,0,0.000459837,0.00209017,0,0,0.000104508,0,0,0
H160QJ2T.04,0,0.004023072,0,0.000339295,2.42E-05,0,0,0.159808056,0,0.000605884,0,0,0,0,0,0,0,0,0.000848238,0.614827202,0.073845184,0,0.070209878,0,0,0,0.073627066,0,0.000751297,0.000169648,0.000920944,0,0,0,0,0
H160TYXY.04,0,0,0,0.006171429,0.000332468,0,0,0.082555844,0,0.000228571,0,0,0,0,0,0,0,0,0.000207792,0.746306494,0.152374026,0,0.00667013,0,0,8.31E-05,8.31E-05,0,0.004966234,2.08E-05,0,0,0,0,0,0
J160W0FQ.04,0,0.000149901,0,0.00188625,0,0,0,0.01195458,0,0.081458534,0,0,0,0,0,0,0,0,0.001586449,0.86155422,0.014365483,5.00E-05,0.002548312,0,0,0.000174884,0.0199243,0,0.000949371,0.003285323,0,0,0.000112426,0,0,0
J160WMY7.04,0,2.14E-05,0,0.002442107,0.000278486,0,0,0.275529659,0,0.00042844,0,0,0,0,0,0,0,0,0.000235642,0.601465264,0.109444956,4.28E-05,0.003791693,0,0,0,0.003363253,0,0.000449862,0.002506373,0,0,0,0,0,0
H160VRXJ.04,0,0.000152125,0,0.001064873,0.000101416,0,0,0.146428451,0,0.001436733,0,0,0,0,0,0,0,0,0.001487441,0.803708462,0.035918326,0.000253541,0.003076299,0,0,0,0.003127007,0,0.000540888,0.002636828,0,0,6.76E-05,0,0,0
G160W1WD.04,0,0,0,0.000563347,0,0,0,0.305489724,0,0.00101014,0,0,0,0,0,0,0,0,3.89E-05,0.506585337,0.176250049,0,0.002777886,0,0,0,0.004098838,0,0.001048992,0.001826023,0,0,0.000310812,0,0,0
J160Q69Q.04,0,0,0,0.001931451,0,0,0,0,0,0,0,0,0,0,0,0,0,0,0,0.638864444,0,0,0,0,0,0,0,0,0,0.354678339,0,0,0,0.004525766,0,0
G160Q7CP.04,0,0,0,0.001180204,0,0,0,0.009690787,0,0.04762779,0,0,0,0,0,0,0,0,0.000262268,0.934629809,0.002242388,0,0,0,0,0,0,0,0,0.000157361,0,0,0.003750426,0.000458968,0,0
G160TX68.04,0,0,0,0.02654993,0,0,0,0.004704511,0,0.000412178,0,0,0,0,0,0,0,0,0.000966486,0.897168765,0.06832201,0,0,0,0,0,0.001819267,0,0,5.69E-05,0,0,0,0,0,0
J160WCJ6.04,0,9.55E-05,0,0.001599122,0.000167072,0,0,0.097498687,0,0.00085923,0,0,0,0,0,0,0,0,0.000525085,0.796290992,0.091054466,2.39E-05,0.000644422,0,0,0,0.001312712,0,0.001097904,0.00883097,0,0,0,0,0,0
F160V0S9.04,0,0.000177725,0,0.000612164,0,0,0,0.147630332,0,0.001816746,0,0,0,0,0,0,0,0,0.001619273,0.777093207,0.065323855,1.97E-05,0.000276461,0,0,0,0.003120063,0,0.00035545,0.001796998,0,0,0.000157978,0,0,0
G160VK9H.04,0,0,0,0.015685918,0,0,0,0.001773191,0,0,0,0,0,0,0,0,0,0,0.000193232,0.926958182,0.052184094,0,0.002898485,0,0,0,0.000306898,0,0,0,0,0,0,0,0,0
F160V3WP.04,0,0,0,0.000295255,0,0,0,0.020667867,0,0.001402462,0,0,0,0,0,0,0,0,0.000103339,0.939649827,0.02629248,0,0.009743423,0,0,1.48E-05,0.001668192,0,0,2.95E-05,0,0,0,0,0,0.000132865
F160TTHB.04,0,0,0,0.771150815,0,0,0,0.008145034,0,0,0,0,0,0,0,0,0,0,0,0.109563847,0.001050972,0,0,0,0,0,0.109563847,0,0,0.000525486,0,0,0,0,0,0
K160Q6XC.04,0,2.80E-05,0,0.016904725,0,0,0,8.41E-05,0,0,0,0,0,0,0,0,0,0,0,0.982800914,0,0,0,0,0,0,5.61E-05,0,0,0.000126155,0,0,0,0,0,0
F160QGS1.04,0,0,0,3.96E-05,0,0,0,1.32E-05,0,0,0,0,0,0,0,0,0,0,0,0.626405532,0.000184765,0,0,0,0,0,0,0,0,0.373356913,0,0,0,0,0,0
G160QJ47.04,0,0.002012835,0,0.000845974,7.29E-05,0,0,0.137908401,0,0.001356476,0,0,0,0,0,0,0,0,0.000189615,0.795945158,0.007774212,0,0,0,0,0,0.04531797,0,0.000131272,0.007628355,0,0,0.000816803,0,0,0
K160QC29.04,0,0,0,0,0,0,0,0,0,0,0,0,0,0,0,0,0,0,0,0.999908405,0,0,0,0,0,0,0,0,0,9.16E-05,0,0,0,0,0,0
K160QF7P.04,0,1.43E-05,0,0.004837191,0,0,0,0.00099883,0,0.003082104,0,0,0,0,0,0,0,0,0.000399532,0.987757199,0.001526783,0,1.43E-05,0,0,0,0.000956023,0,0.000171228,0.000185497,0,0,5.71E-05,0,0,0
K160QGVG.04,0,0,0,0.006897943,0.000134463,0,0,0.000497512,0,0.002985075,0,0,0,0,0,0,0,0,6.72E-05,0.98705123,0.000510959,0,0,0,0,0,0.001667339,0,0.000121017,1.34E-05,0,0,4.03E-05,1.34E-05,0,0
H160PW3Z.04,0,0,0,0.000422678,0,0,0,1.41E-05,0,0,0,0,0,0,0,0,0,0,0,0.99806977,1.41E-05,0,0,0,0,0,0.001423016,0,0,0,0,0,0,0,0,5.64E-05
F160QF36.04,0,0,0,0.001628103,0,0,0,0,0,0,0,0,0,0,0,0,0,0,0,0.820832056,0,0,0,0,0,0.000191542,0.000402237,0,0,0.176946062,0,0,0,0,0,0
F160QGR4.04,0,0,0,0.000125831,0,0,0,1.14E-05,0,0,0,0,0,0,0,0,0.000205905,0,0,0.392225946,4.58E-05,0,0,0,0,5.72E-05,0,0,0,0.607327926,0,0,0,0,0,0
G160Q7FB.04,0,0,0,0.831949597,0,0,0,0,0,0,0,0,0,0,0,0,0,0,0,0.16333981,0,0,0,0,0,0.000603545,0,0,0,0,0,0,0,0.004107048,0,0
B160QYW2.04,0,0,0,0.006239011,0,0,0,2.84E-05,0,2.84E-05,0,0,0,0,0,0,0,0,0,0.993122909,0.000155975,0,0,0,0,0.000269412,0.000113437,0,0,0,0,0,0,4.25E-05,0,0
C160R3NM.04,0,0,0,0.008384729,0.016208777,0,0,0.002752434,0,0.000382282,0,0,0,0,0,0,0,0,0.000433253,0.616162903,0.355675621,0,0,0,0,0,0,0,0,0,0,0,0,0,0,0
C160R7YF.04,0,2.53E-05,0,0.005948012,5.06E-05,0,0,0.078944038,0,0.011971956,0,0,0,0,0,0,0,0,0.000582146,0.6957149,0.195980663,7.59E-05,0.007643828,0,0,0.000202486,2.53E-05,0,0.002176719,0.00035435,0,0,0.000303728,0,0,0
B160QX5Y.04,0,0,0,0,0,0,0,4.44E-05,0,0,0,0,0,0,0,0,0,0,0,0.999111966,0,0,0,0,0,0,0.000651225,0,0,0.000192407,0,0,0,0,0,0
B160Q1BF.04,0,0,0,0.0553548,0,0,0,0.015766336,0,4.60E-05,0,0,0,0,0,0,0,0,0.000276199,0.732662785,0.195870831,0,0,0,0,2.30E-05,0,0,0,0,0,0,0,0,0,0
E160QX6V.04,0,2.45E-05,0,0.009689209,0,0,0,0,0,0,0,0,0,0,0,0,0,0,0,0.70299507,0.279736061,0,0,0,0,0,4.91E-05,0,0,0.007506071,0,0,0,0,0,0
E160R9T4.04,0,0,0,0.005992509,0,0,0,0.000340483,0,0,0,0,0,0,0,0,0,0,0,0.443695381,0.447667688,0,0,0,0,0.000340483,0.000522075,0,0.100783112,0.000658268,0,0,0,0,0,0
B160Q468.04,0,9.41E-05,0,0.004562666,0,0,0,0.023542416,0,0.00021167,0,0,0,0,0,0,0,0,0.000164632,0.930478139,0.038570992,0,9.41E-05,0,0,0.000870199,9.41E-05,0,0,0.001317058,0,0,0,0,0,0
B160R730.04,0,1.61E-05,0,0.002774954,0.005662843,0,0,0.001161609,0,0.000112934,0,0,0,0,0,0,0,0,6.45E-05,0.917299905,0.072390817,0,0,0,0,0.000403336,8.07E-05,0,0,3.23E-05,0,0,0,0,0,0
E160P8C1.04,0,0,0,9.98E-05,0.002396286,0,0,2.50E-05,0,0,0,0,0,0,0,0,0,0,0,0.778293645,0.218785882,0,0,0,0,0.000274574,4.99E-05,0,0,7.49E-05,0,0,0,0,0,0
E160R77W.04,0,0.000362964,0,0.029202138,0,0,0,0.103246882,0,0.003002706,0,0,0,0,0,0,0,0,0.000428958,0.613541873,0.135847687,0.001451858,0.009635056,0,0,9.90E-05,0.0673464,0,0.028245232,0.000659935,6.60E-05,0,0.006863327,0,0,0
B160RP67.04,0,0.00016146,0,0.027609591,0.001009122,0,0,0.107855009,0,0.001049487,0,0,0,0,0,0,0,0,0.000686203,0.628804392,0.126705417,0.000968758,0.070073464,0,0,0.00016146,0.018608218,0,0.003309922,0.012674578,0,0,0.000322919,0,0,0
F160PMG2.04,0,0,0,0.00256996,0.000330638,0,0,3.01E-05,0,0,0,0,0,0,0,0,0,0,0,0.968439087,0.027984009,0,0,0,0,0.000465899,0.000165319,0,1.50E-05,0,0,0,0,0,0,0
D160QYV5.04,0,8.74E-05,0,0.00244751,0,0,0,0.00498243,0,3.50E-05,0,0,0,0,0,0,0,0,1.75E-05,0.986468768,0.004947466,0,1.75E-05,0,0,0.000192304,0.000541949,0,0.000227269,3.50E-05,0,0,0,0,0,0
C160R8DM.04,0,2.18E-05,0,0.004084932,6.55E-05,0,0,0.033181878,0,0.000655337,0,0,0,0,0,0,0,0,0.001026694,0.853881777,0.046354144,0,0.036283804,0,0,0.002730569,0.01496352,0,0.00465289,0.00124514,0,0,0.000851938,0,0,0
C160R4CR.04,0,0.000299868,0,0.009715725,0.002019112,0,0,0.002219024,0,0.000419815,0,0,0,0,0,0,0,0,0,0.942845148,0.04084203,2.00E-05,0,0,0,0.000279877,0.000799648,0,0.00033985,0.000199912,0,0,0,0,0,0
D160S1QR.04,0,0,0,0.252383832,0.068142704,0,0,0.441183311,0,0,0,0,0,0,0,0,0,0,0,0.158658542,0.076840783,0,4.65E-05,0,0,0.001255872,0.000139541,0,0,0.0013489,0,0,0,0,0,0
C160RTMN.04,0,0,0,0.001954104,0,0,0,0.003657681,0,0.000175368,0,0,0,0,0,0,0,0,0.000601263,0.915121756,0.07821425,0,0,0,0,0.000250526,2.51E-05,0,0,0,0,0,0,0,0,0
B160QY4M.04,0,0,0,0.000247437,0,0,0,0,0,0.000141393,0,0,0,0,0,0,0,0,0,0.89282432,0.106115235,0,0,0,0,0.000530223,0.000141393,0,0,0,0,0,0,0,0,0
B160RCBQ.04,0,0.000201865,0,0.007670879,0,0,0,0.086963543,0,0.000322984,0,0,0,0,0,0,0,0,0.000444104,0.696636925,0.054342121,0.000121119,0.028745609,0,0,8.07E-05,0.118656385,0,0.005208123,0.000363357,0.000201865,0,4.04E-05,0,0,0
A160RNZ9.04,0,0.000616836,0,0.009216255,0.001995646,0,0,0.022278665,0,0.00065312,0,0,0,0,0,0,0,0,0.001560232,0.809361393,0.128882438,0.000689405,0.000507983,0,0,0.000435414,0.000580552,0,0.022859216,0.000290276,0,0,7.26E-05,0,0,0
C160RHJZ.04,0,6.62E-05,0,0.045004471,0.00321224,0,0,0.139914561,0,0.007285492,0,0,0,0,0,0,0,0,9.93E-05,0.335099513,0.261251118,0.001490214,0.15428685,0,0,0.000165579,0.000264927,0,0.050269894,0,0,0,0.001589562,0,0,0
C160R6YL.04,0,0.000291651,0,0.026066351,0.005942399,0,0,0.111192125,0,0.00051039,0,0,0,0,0,0,0,0,0.000583303,0.507546482,0.231024426,0.001421801,0.059496901,0,0,0.000437477,0.014072184,0,0.039919796,0.000364564,0,0,0.001130149,0,0,0
E160RSC0.04,0,8.62E-05,0,0.012676239,0.002931919,0,0,0.109041521,0,0.000172466,0,0,0,0,0,0,0,0,0.000646747,0.684991161,0.163066442,0.001034795,0.004570345,0,0,4.31E-05,0.007760962,0,0.012590006,0.000301815,0,0,8.62E-05,0,0,0
A160QY9J.04,0,0,0,0.015994055,0.005072862,0,0,0.058677179,0,0.00025849,0,0,0,0,0,0,0,0,0.000387735,0.707777311,0.180942841,0.000613913,0.018611264,0,0,6.46E-05,0.002229474,0,0.009370254,0,0,0,0,0,0,0
D160QVQ7.04,0,0,0,0.000985316,0,0,0,0.090697171,0,4.81E-05,0,0,0,0,0,0,0,0,0.001441926,0.736199563,0.16447574,0,0,0,0,0,0.006152219,0,0,0,0,0,0,0,0,0
E160PMR8.04,0,0,0,0.009213052,0.008445298,0,0,0.007605566,0,2.40E-05,0,0,0,0,0,0,0,0,2.40E-05,0.942682342,0.031142035,0,0,0,0,0.0006238,9.60E-05,0,0,0.000143954,0,0,0,0,0,0
B160Q3DY.04,0,0,0,0.064041618,0.018476993,0,0,0.096376357,0,0,0,0,0,0,0,0,0,0,8.97E-05,0.4157772,0.241591174,0.004170778,0.124002153,0,0,0,0,0,0.035474034,0,0,0,0,0,0,0
C160RSFD.04,0,0,0,0.021514292,0.001309186,0,0,0.281431377,0,0.001658302,0,0,0,0,0,0,0,0,0.000261837,0.421077897,0.118568623,0.001701942,0.125769147,0,0,4.36E-05,0.006502291,0,0.015753873,0.003753,0,0,0.000654593,0,0,0
D160R8ZB.04,0,0,0,0.007385317,0.000684151,0,0,0.035470573,0,0.013174283,0,0,0,0,0,0,0,0,3.51E-05,0.86115253,0.032400667,0.00294711,0.036856416,0,0,0.003385668,0.000473643,0,0.005771424,0,0,0,0.000263135,0,0,0
A160PT6H.04,0,0,0,0.000780945,0.000266231,0,0,0.000124241,0,0.000337226,0,0,0,0,0,0,0,0,0,0.986439956,0.005661851,0,0,0,0,0.005377871,0.001011679,0,0,0,0,0,0,0,0,0
B160QT0D.04,0,0,0,0.005619891,0,0,0,0,0,0,0,0,0,0,0,0,0,0,0,0.960925674,0.032054193,0,0,0,0,0,1.89E-05,0,0,0.00138132,0,0,0,0,0,0
C160RPWT.04,0,0,0,0.00796803,0.00237815,0,0,0.046582328,0,0,0,0,0,0,0,0,0,0,2.45E-05,0.814479749,0.125649701,0,7.36E-05,0,0,0.000318721,0.000196136,0,0.001863293,0.000441306,0,0,0,2.45E-05,0,0
C160RSV8.04,0,0,0,0.002097501,0,0,0,0.000132474,0,0,0,0,0,0,0,0,0,0,0,0.989159233,0.007528923,0,0,0,0,0.000839,0.00022079,0,0,2.21E-05,0,0,0,0,0,0
B160RCDK.04,0,0,0,0.003435794,2.05E-05,0,0,0.041065914,0,0.001901957,0,0,0,0,0,0,0,0,0.000102256,0.938217069,0.010021065,0,0,0,0,0.000204512,0.000388572,0,0.004540156,0.000102256,0,0,0,0,0,0
C160RMDW.04,0,0,0,0.062443112,0,0,0,0,0,0.009665535,0,0,0,0,0,0,0,0,2.89E-05,0.845640396,0.003900889,0,0,0,0,0.001314744,0.000361193,0,0,0.076645236,0,0,0,0,0,0
C160QTQ7.04,0,2.88E-05,0,0.005093232,0,0,0,0.087937385,0,0.00086326,0,0,0,0,0,0,0,0,0.001179788,0.823060543,0.042155847,0,0.002503453,0,0,0,0.032516114,0,0.000460405,0.000978361,0,0,0.003222836,0,0,0
B160RCLQ.04,0,0,0,0.002752009,0,0.00020714,0,0.000162753,0.00010357,0,0,0,0,0,0,0,0.000621421,0,0,0.726840961,0.002219362,0,0,0.000133162,0,0.117566988,0.047109651,0,0,0.009188157,0,0,0,0.092813707,0,0.000281119
D160QN5G.04,0,0,0,0.000168518,0,0,0,0,0,0,0,0,0,0,0,0,0,0,0,0.990686544,1.12E-05,0,0,0,0,4.49E-05,0.009010122,0,0,7.86E-05,0,0,0,0,0,0
E160RMKP.04,0,0,0,0.112124829,0,0,0,0,0,0,0,0,0,0,0,0,0,0,0,0.880115962,0,0,0,0,0,0.00071055,0.00042633,0,0,0.00028422,0,0,0,0.006338108,0,0
C160QNBJ.04,0,0,0,3.34E-05,0,0,0,0,0,0,0,0,0,0,0,0,0,0,0,0.999866375,3.34E-05,0,0,0,0,0,6.68E-05,0,0,0,0,0,0,0,0,0
B160RCV0.04,0,0,0,1.48E-05,0,0,0,0,1.48E-05,0,0,0,0,0,0,0,0,0,0,0.995440212,1.48E-05,0,0,0,0,0.003553082,0.000873466,0,0,0,0,0,0,8.88E-05,0,0
D160S1NY.04,0,0,0,9.43E-05,0,0,0,0,0,0,0,0,0,0,0,0,0,0,0,0.602288085,0,0,0,0,0,0.001540057,0.000345727,0,0,0.395731841,0,0,0,0,0,0
C160RC57.04,0,0,0,0,0,0,0,0,0,0,0,0,0,0,0,0,0,0,0,0.994445647,0,0,0,0,0,0.004328068,0.001226286,0,0,0,0,0,0,0,0,0
A160QVTC.04,0,0,0,0.007790919,0,0,0,2.16E-05,0,0,0,0,0,0,0,0,0,0,0,0.49609375,2.16E-05,0,0,0,0,0,0.494280905,0,4.32E-05,0.001748101,0,0,0,0,0,0
B160PY48.04,0,0,0,4.49E-05,0,0,0,0.000246725,0,0,0,0,0,0,0,0,0,0,0,0.967835995,2.24E-05,0,0,0,0,0.014713799,0.002646689,0,0,0,0,0,0,0.014489503,0,0
A160QVW5.04,0,0,0,0.006890331,0,0,0,0,0,0,0,0,0,0,0,0,0,0,0,0.50843126,0,0,0,0,0,0,0.000225502,0,0,0.484452908,0,0,0,0,0,0
A160QXKZ.04,0,0,0,0.001150748,0,0,0,2.35E-05,0.000117423,0,0,0,0,0,0,0,0,0,0,0.342194876,0,0,0.00100984,0,0,0.000117423,0.000117423,0,0,0.655268782,0,0,0,0,0,0
E160R7P4.04,0,0,0,2.17E-05,0,0,0,0,0,0,0,0,0,0,0,0,0,0,0,0.996877406,0,0,0,0,0,0.00254795,0.000552959,0,0,0,0,0,0,0,0,0
D160RJV9.04,0,0,0,0.004913234,0,0,0,0,0,0,0,0,0,0,0,0,0,0,0,0.96640184,0,0,0,0,0,0.000418148,0.000188166,0,0,0.028078612,0,0,0,0,0,0
C160RK56.04,0,6.26E-05,0,0.003295718,0,0,0,0.074049352,0,0.001230679,0,0,0,0,0,0,4.17E-05,0,0.000563192,0.849502514,0.020191485,0,0.03024551,0,0,0.000709205,0.017563255,0,0.001480987,0.001063808,0,0,0,0,0,0
D160QM2D.04,0,0,0,0,0,0,0,0,0,0,0,0,0,0,0,0,0,0,0,0.999810394,3.16E-05,0,0,0,0,0,0,0,1.58E-05,0.000142205,0,0,0,0,0,0
D160R0CG.04,0,2.21E-05,0,0.003518711,0.000132782,0,0,0.144200766,0,0.000354084,0,0,0,0,0,0,0,0,0.000752429,0.66640848,0.041118021,0,0.028946378,0,0,0.001903202,0.106756368,0,0.002301547,0.002788413,0,0,0.000796689,0,0,0
D160RPPC.04,0,0,0,0.130656119,0,0,0,1.89E-05,0,0,0,0,0,0,0,0,0,0,0,0.799095399,5.68E-05,0,0,0,0,0.00185462,0.000264946,0,1.89E-05,0.068034292,0,0,0,0,0,0
D160TPYX.04,0,5.26E-05,0,0.00142109,0,0,0,0.08221269,0,0.000763178,0,0,0,0,0,0,0,0,0.000263165,0.830574489,0.066343851,0,0.001921103,0,0,0.000131582,0.014763546,0,0.001000026,0.000552646,0,0,0,0,0,0
A160QMJF.04,0,2.08E-05,0,0.029377448,0,0,0,0.000208351,0,2.08E-05,0,0,0,0,0,0,0,0,0.000458372,0.946516376,0.023376948,0,0,0,0,0,0,0,2.08E-05,0,0,0,0,0,0,0
D160R33P.04,0,0,0,0.004369382,0,0,0,0,0,0,0,0,0,0,0,0,0,0,0,0.992585291,0,0,0,0,0,0.001941948,0.00033837,0,0,0.00076501,0,0,0,0,0,0
D160R9F7.04,0,0,0,0.002155715,0,0,0,6.29E-05,0,0,0,0,0,0,0,0,0,0,0,0.995814451,0,0,0,0,0,0.001604985,0.000283233,0,0,7.87E-05,0,0,0,0,0,0
B160RK74.04,0,4.45E-05,0,0.001268725,0,0,0,0.130344782,0,0.001313241,0,0,0,0,0,0,0,0,0.000200325,0.832105415,0.018518931,2.23E-05,0.000623233,0,0,0.000178067,0.014868565,0,0.000244842,0.0002671,0,0,0,0,0,0
D160PZSK.04,0,0,0,0,0,0,0,0.006687275,0,0.002081888,0,0,0,0,0,0,0,0,0.004006056,0.912592265,0,0,3.15E-05,0,0,0.002050344,0.049492146,0,0,0.023058482,0,0,0,0,0,0
D160RRVC.04,0,0,0,0.03456385,0,0,0,0.000109379,0,0,0,0,0,0,0,0,0,0,0,0.617610063,0,0,0,0,0,0.002843861,0.000382827,0,0.133333333,0.211156686,0,0,0,0,0,0
A160RPT3.04,0,0,0,0.051071366,0,0,0,0,0,0,0,0,0,0,0,0,0,0,0,0.815574008,0,0,0,0,0,0.004209976,0.001016201,0,0,0.128128448,0,0,0,0,0,0
E160RS7D.04,0,0,0,0,0,0,0,0,0,0,0,0,0,0,0,0,0,0,1.69E-05,0.004043514,0.605630467,0,0,0,0,0.001251967,0.000270696,0,0,0.388786438,0,0,0,0,0,0
E160QXK2.04,0,0,0,0,0,0,0,0.126255302,0,0,0,0,0,0,0,0,0,0,0,0.761048472,1.81E-05,0,0,0,0,3.63E-05,0.112641845,0,0,0,0,0,0,0,0,0
D160P3JX.04,0,0,0,0,0,0,0,0,0,0,0,0,0,0,0,0,0,0,0,0.996422001,0,0,0,0,0,0.001622412,0.001955586,0,0,0,0,0,0,0,0,0
D160RJ3Q.04,0,0,0,0.032263465,0,0,0,0.000639182,0,0,0,0,0,0,0,0,0,0,1.52E-05,0.964084068,3.04E-05,0,0,0,0,0.001856671,0.000304372,0,1.52E-05,0.000791368,0,0,0,0,0,0
E160RFVF.04,0,0,0,0.287088998,0,0,0,0,0,0,0,0,0,0,0,0,0,0,0,0.619407999,0,0,0,0,0,0.016835283,0.003932185,0,0,0.072735536,0,0,0,0,0,0
B160R9MM.04,0,0.000111012,0,0.011952339,0,0,0,7.40E-05,0,0.00044405,0,0,0,0,0,0,0,0,0,0.985753404,3.70E-05,0,0,0,0,0.001332149,0.000296033,0,0,0,0,0,0,0,0,0
A160RNGP.04,0,0,0,0.001053355,0,0,0,0,0,2.29E-05,0,0,0,0,0,0,0,0,0,0.994572933,0,0,0,0,0,0.00370964,0.000641172,0,0,0,0,0,0,0,0,0
A160S0RX.04,0,0,0,0.000731764,0,0,0,0,0,0,0,0,0,0,0,0,0,0,0,0.969295165,0,0,0,0,0,0.009117785,0.002283105,0,0,0.018572181,0,0,0,0,0,0
E160QRHY.04,0,0,0,0,0,0,0,0.000121803,0,0,0,0,0,0,0,0,0,0,0,0.775256656,1.74E-05,0,0,0,0,0.000226205,0.21044023,0,0,0.013937707,0,0,0,0,0,0
C160RZL9.04,0,0,0,0.004039081,0,0,0,0,0,0.001091643,0,0,0,0,0,0,0,0,0,0.990557284,0,0,0,0,0,0.003657006,0.000654986,0,0,0,0,0,0,0,0,0
B160QKDL.04,0,0,0,0,0,0,0,0,0,0,0,0,0,0,0,0,0,0,0,0.676363479,0,0,0,0,0,0,2.17E-05,0,0,0.323614844,0,0,0,0,0,0
B160RQJ4.04,0,0,0,0.00193946,0,0,0,0,0,0,0,0,0,0,0,0,0,0,0,0.994489759,5.44E-05,0,0,0,0,0.003208265,0.000308138,0,0,0,0,0,0,0,0,0
C160QV5B.04,0,0,0,5.63E-05,0,0,0,0,0,0,0,0,0,0,0,0,0,0,0,0.995668154,0,0,0,0,0,0.000431309,7.50E-05,0,0,0.003769268,0,0,0,0,0,0
A160R60M.04,0,0,0,1.11E-05,0,0,0,0,0,0,0,0,0,0,0,0,0,0,0,0.995385953,0,0,0,0,0,0.003254352,0.000757863,0,0,0.000590687,0,0,0,0,0,0
E160R9G4.04,0,0,0,1.57E-05,0,0,0,0,0,0,0,0,0,0,0,0,0,0,0,0.995988907,0,0,0,0,0,0.00253827,0.000689407,0,0,0.000767748,0,0,0,0,0,0
E160RM6F.04,0,0,0,0,0,0,0,0.00016086,0,0,0,0,0,0,0,0,0,0,0,0.227640408,0,0,0,0,0,0.05152128,0.020498208,0,0,0.700179244,0,0,0,0,0,0
B160RJ8S.04,0,0,0,0.000103324,0,0,0,0.000137765,0,0,0,0,0,0,0,0,0,0,0,0.629791631,0.00027553,0,0,0,0,0.009712416,0.00203203,0,0.000103324,0.357843981,0,0,0,0,0,0
C160R3W2.04,0,0,0,0,0,0,0,0,0,0,0.000270176,0,0,0,0,0,0,0,0,0.826643251,0,0,0,0,0,0.133718013,0.039368559,0,0,0,0,0,0,0,0,0
J160RCW1.04,0,0,0,0.000398809,0,0,0,0,0,0,0,0,0,0,0,0,0,0,0,0.887137084,0,0,0,0,0,0.076597894,0.02182814,0,0,0.014038073,0,0,0,0,0,0
F160RN22.04,0.000207979,0,0,0.18631495,0.000866581,0,0,0.037990918,0,0.007348608,0,0,0,0,0,0,0,0,3.47E-05,0.452944643,0.054906583,0.002703733,0.010121668,0,0,0.028319872,0.142500607,0,0.004679538,0.070401054,0,0,0.000658602,0,0,0
G160RBPL.04,0,4.22E-05,0,0.00723415,2.11E-05,0,0,2.11E-05,0,0,0,0,0,0,0,0,0,0,0,0.289598009,0.000105454,0,0,0,0,0.559644831,0.142278652,0,0,0.001054541,0,0,0,0,0,0
H160RFS1.04,0,0,0,0.000990668,0,0,0,0,0,0,0,0,0,0,0,0,0,0,0,0.519803451,0,0,0,0,0,0.008222544,0.002635177,0,0,0.46834816,0,0,0,0,0,0
J160P1KX.04,0,3.68E-05,0,0.001160221,0,1.84E-05,0,5.52E-05,0,0,0,0,0,0,0,1.84E-05,0,0,0,0.997826888,3.68E-05,0,1.84E-05,0,0,0.000718232,9.21E-05,0,0,1.84E-05,0,0,0,0,0,0
H160QS0Z.04,0,0,0,0,0,0,0,0,0,0,0,0,0,0,0,0,0,0,0,0.918905824,0,0,0,0,0,0,0.000262441,0,0,0.080831735,0,0,0,0,0,0
F160RJ2T.04,0,3.11E-05,0,0,0,0,0,0,0,0,0,0,0,0,0,0,0,0,0,0.985174342,0,0,0,0,0,0.001806488,0.00029589,0,0,0.00545061,0,0,0,0.007241524,0,0
K160RFSY.04,0,1.70E-05,0,3.41E-05,0,0,0,0,0,0,0,0,0,0,0,0,0,0,0,0.943712391,0,0,0,0,0,0.007807306,0.001602373,0,0,0.025808431,0,0,0,0.021018359,0,0
H160R9H1.04,0,0,0,2.89E-05,1.45E-05,0,0,0,0,0,0,0,0,0,0,0,0,0,0,0.9889843,0,0,0,0,0,0.003411686,0.000722815,0,0,0.006837829,0,0,0,0,0,0
J160R5YR.04,0,0.000208962,0,0.000951939,0,0,0,4.64E-05,0,0,0,0,0,0,0,0,0,0,0,0.995309961,4.64E-05,0,0,0,0,0.002414674,0.001021593,0,0,0,0,0,0,0,0,0
K160QX14.04,0,0,0,1.73E-05,0,0,0,1.73E-05,0,0,0,0,0,0,0,0,0,0,0.005690789,0.994239811,0,0,0,0,0,0,0,0,0,3.47E-05,0,0,0,0,0,0
K160R7SC.04,0,0,0,0,0,0,0,0,0,0,0,0,0,0,0,0,0,0,0,0.99537576,0,0,0,0,0,0.002295722,0.00057393,0,0,0.001754587,0,0,0,0,0,0
J160QYQN.04,0,0,0,0.000396712,0,0,0,0.000154277,0,0,0,0,0,0,0,0,0,0,0,0.635510105,8.82E-05,0,0.000661186,0,0,0.002027638,0.000749344,0,2.20E-05,0.360390541,0,0,0,0,0,0
H160RM7N.04,0,1.86E-05,0,0.001377923,0,0,0,3.72E-05,0,0,0,0,0,0,0,0,0,0,0,0.996052436,0,0,0,0,0,0.002159988,0.000335171,0,0,1.86E-05,0,0,0,0,0,0
F160R20Z.04,0,1.17E-05,0,0.000477978,0,0,0,0,0,0,0,0,0,0,0,0,0,0,0,0.950453496,0,0,2.33E-05,0,0,0.00169041,0.000477978,0,0,0.046865164,0,0,0,0,0,0
J160RNK0.04,0,0.000147536,0,0.092387135,0.001622898,0,0,0.099586899,0,0.0097964,0,0,0,0,0,0,0,0,0.00138684,0.439775745,0.181085866,0.002419593,0.134907052,0,0,0,2.95E-05,0,0.036706993,2.95E-05,0,0,0.000118029,0,0,0
F160R98D.04,0,2.34E-05,0,0.002106199,0.001708362,0,0,0.157145866,0,0.000327631,0,0,0,0,0,0,0,0,9.36E-05,0.70538953,0.126582575,0,0.002035993,0,0,0.000163815,0.000444642,0,0.002972081,0.001006295,0,0,0,0,0,0
F160R9VK.04,0,0,0,0.005698083,0.067323792,0,0,0.104266811,0,0,0,0,0,0,0,0,0,0,0,0.568971105,0.252551985,0,0,0,0,0.000405077,5.40E-05,0,0,0.000675128,0,0,0,5.40E-05,0,0
J160QX2F.04,0,0,0,0.066681387,0.005740782,0,0,0.010018768,0,0.007203577,0,0,0,0,0,0,0,0,0.001738794,0.749006403,0.107667255,0,0,0,0,0,0.0001104,0,0.051667035,0.000138,0,0,2.76E-05,0,0,0
H160RHLS.04,0,0,0,0.002317145,0.000351083,0,0,0.007840843,0,2.34E-05,0,0,0,0,0,0,0,0,0.000234055,0.924844939,0.043300176,4.68E-05,0.012358104,0,0,0.000702165,0.00301931,0,0.004634289,0.000257461,0,0,7.02E-05,0,0,0
H160R7TV.04,0,0,0,0.000293734,0,0,0,0,0,0,0,0,0,0,0,0,0,0,0,0.996566981,0,0,0,0,0,0.001046428,0.000238659,0,0,0.001854198,0,0,0,0,0,0
H160RFWB.04,0,0,0,0,0,0,0,0,0,0,0,0,0,0,0,0,0,0,0,0.994277023,0,0,0,0,0,0.000786265,0.000193344,0,0,0.004743368,0,0,0,0,0,0
J160RKKS.04,0,0,0,0.005512642,0.010582911,0,0,0.145370402,0,0.000306258,0,0,0,0,0,0,0,0,0.000170143,0.721645626,0.109912546,0.005376527,0,0,0,0.000306258,0.000136115,0,0.000680573,0,0,0,0,0,0,0
G160PL64.04,0,0,0,0.075028988,0.000579769,0,0,0.074892572,0,0.000852602,0,0,0,0,0,0,0,0,3.41E-05,0.717345338,0.122194939,0,0.007639315,0,0,6.82E-05,0.000511561,0,0,0.000238729,0,0,0.000613874,0,0,0
H160RJMZ.04,0,0,0,3.26E-05,0,0,0,0,0,1.63E-05,0,0,0,0,0,0,0,0,0,0.995919766,0,0,3.26E-05,0,0,0.00261135,0.000489628,0,0,0.00088133,1.63E-05,0,0,0,0,0
K160Q3P1.04,0,0,0,0.047176164,0.015655248,0,0,0.068723171,0,0.00021042,0,0,0,0,0,0,0,0,0.000589176,0.669724771,0.182518307,0.001094184,0,0,0,0.00021042,0.000294588,0,0.013424796,0.000378756,0,0,0,0,0,0
F160S1ZD.04,0,0,0,0.000347048,0,0,0,0,0,0.000134963,0,0,0,0,0,0,0,0,0,0.995854703,1.93E-05,0,1.93E-05,0,0,0.002795666,0.000694096,0,0,7.71E-05,0,0,0,0,0,5.78E-05
F160QPRQ.04,0,0,0,0.001779564,0,0,0,0,0,7.18E-05,0,0,0,0,0,0,0,0,0,0.998119977,0,0,0,0,0,0,2.87E-05,0,0,0,0,0,0,0,0,0
H160QTS0.04,0,0.000601153,0,0.019838042,0.000282895,0,0,0.028148096,0,0.002121716,0,0,0,0,0,0,0,0,0.000141448,0.724778104,0.032462251,0,0.006930938,0,0,0,0.164432971,0,0.008699035,0.011563351,0,0,0,0,0,0
J160R8YF.04,0,9.42E-05,0,0.057348853,0.004947929,0,0,0.072239762,0,0.001555063,0,0,0,0,0,0,0,0,0.001272325,0.52466896,0.19179115,0,0.017812544,0,0,0.000329862,0.007398332,0,0.112105933,0.003769851,0,0,0.00466519,0,0,0
G160R96L.04,0,0,0,0.016176859,0.007809518,0,0,0.141980564,0,0.004315786,0,0,0,0,0,0,0,0,0.001203723,0.651448871,0.154135228,0,0,0,0,0.000499105,0.000146795,0,0.022107396,0,0,0,0.000176155,0,0,0
K160Q253.04,0,0,0,0.050508252,0.002620512,0,0,0.000612862,0,0.000147932,0,0,0,0,0,0,0,0,0.000528329,0.896574315,0.04761301,0,0,0,0,0.000824193,0.000190198,0,0.000380397,0,0,0,0,0,0,0
J160PY62.04,0,0,0,0.006323278,0.013516006,0,0,0.026979318,0,0.000316164,0,0,0,0,0,0,0,0,0.001949677,0.781372678,0.160110657,0.00079041,0.006507706,0,0,0.000289817,2.63E-05,0,0.001580819,0.000237123,0,0,0,0,0,0
J160QV36.04,0,0,0,5.97E-05,0,0,0,0,0,0,0,0,0,0,0,0,0,0,0,0.995261984,0,0,0,0,0,0,0.004678293,0,0,0,0,0,0,0,0,0
G160RN2Z.04,0,2.85E-05,0,0.006275673,5.71E-05,0,0,0.011809676,0,0.00074167,0,0,0,0,0,0,0,0,0.000228206,0.927972387,0.034516203,0,0.004022136,0,0,0.000941351,0.008243953,0,0.004735281,0.000228206,5.71E-05,0,0.000142629,0,0,0
G160R6QB.04,0,0,0,0.00131602,0.052874773,0,0,0.07782067,0,0,0,0,0,0,0,0,0,0,0.000467918,0.744516582,0.120956893,0,0,0,0,0.001813184,0.000233959,0,0,0,0,0,0,0,0,0
H160QYK7.04,0,0,0,1.75E-05,0,0,0,0.019565674,0,0,0,0,0,0,0,0,0,0,1.75E-05,0.763323542,0.006364527,0,0,0,0,0.001416282,0.000384669,0,0.208910337,0,0,0,0,0,0,0
K160R6PF.04,0,0,0,0.004211409,5.47E-05,0,0,7.29E-05,0,0.000401087,0,0,0,0,0,0,0,0,7.29E-05,0.988313796,0.003992635,0,0,0,0,0.002151283,0.000711017,0,0,1.82E-05,0,0,0,0,0,0
H160QV43.04,0,0,0,0.010984744,0,0,0,0,0,0,0,0,0,0,0,0,0,0,1.62E-05,0.801740734,0.186870076,0,0,0,0,0,1.62E-05,0,0,0.000355912,0,0,0,0,0,1.62E-05
H160RQ3S.04,0,0,0,5.58E-05,0,0,0,1.40E-05,0,0,0,0,0,0,0,0,0,0,6.98E-05,0.977071966,0.002051382,0,0,0,0,0.001618778,0.000265145,0,0,0.01885318,0,0,0,0,0,0
J160QXVF.04,0,0,0,0.003807493,0.000913798,0,0,0.056160524,0,0.0001523,0,0,0,0,0,0,0,0,0.000114225,0.892171794,0.043938471,0,0,0,0,0,0.000761499,0,0,0.001979896,0,0,0,0,0,0
H160R0ZB.04,0,0.00800707,0,0.007176905,0,0,0,0.057683038,0,0.03572385,0,0,0,0,0,0,0,0,0,0.754673022,0.005195223,0,0.024985271,0,0,0.000241015,0.061405388,0,0.04102619,0.003668791,0,0,0.000214236,0,0,0
G160RHC4.04,0,0,0,0.003494967,0.001158332,0,0,0.003095542,0,0,0,0,0,0,0,0,0,0,0.00015977,0.966827768,0.023386324,0,2.00E-05,0,0,0.001158332,0.000119827,0,0.000579166,0,0,0,0,0,0,0
F160RCT3.04,0,0,0,0,0,0,0,0,0,0,0,0,0,0,0,0,0,0,0,0.847780817,0,0,0,0,0,0.000857458,0.000204157,0,0,0.151157568,0,0,0,0,0,0
J160PLMT.04,0,0,0,0.018938838,0.000440438,0,0,0.144845406,0,0.006459759,0,0,0,0,0,0,0,0,0,0.530815985,0.068825792,0.003376692,0,0,0,0.0002349,0.197580527,0,0.01885075,0.005461432,0,0,0.002554541,0.00161494,0,0
K160RLJV.04,0,3.19E-05,0,0.012627954,0,0,0,0.020919034,0,0.000573998,0,0,0,0,0,0,0,0,0,0.837749928,0.028253452,9.57E-05,0.013903505,0,0,0.00025511,0.082177365,0,0.002295992,0.000191333,0.000733442,0,0.000191333,0,0,0
F160QYBF.04,0,0,0,0.003156153,0.031672761,0,0,0.000125134,0,0,0,0,0,0,0,0,0,0,0.000764707,0.890132503,0.073870667,0,0,0,0,0.000125134,5.56E-05,0,0,9.73E-05,0,0,0,0,0,0
G160TP1C.04,0,0,0,0.005451421,0.00090857,0,0,0.002310929,0,0.000118509,0,0,0,0,0,0,0,0,0.001501116,0.92853898,0.057417686,0,0.003436765,0,0,0.000296273,1.98E-05,0,0,0,0,0,0,0,0,0
H160R04Y.04,0,0,0,0.019693288,0.00613844,0,0,0.061132993,0,0,0,0,0,0,0,0,0,0,0.000502807,0.759951395,0.125408531,0,0.007625911,0,0,0,2.10E-05,0,0.019504735,0,0,0,2.10E-05,0,0,0
G160QYMY.04,0,0,0,0,0,0,0,1.38E-05,0,0,0,0,0,0,0,0,0,0,0,0.999793246,0.000110269,0,0,0,0,0,5.51E-05,0,2.76E-05,0,0,0,0,0,0,0
H160R5QJ.04,0,1.44E-05,0,0.005441433,0,0,0,2.88E-05,0,0,0,0,0,0,0,0,0,0,0,0.992471245,2.88E-05,0,0,0,0,0.000806138,0.000345488,0,0,0.000863719,0,0,0,0,0,0
K160R503.04,0,0,0,0.000193282,0,0,0,0,0,0.000966408,0,0,0,0,0,0,0,0,0,0.921643666,0.077080676,0,0,0,0,0.000115969,0,0,0,0,0,0,0,0,0,0
J160RH9B.04,0,0,0,0.000759454,0,0,0,0.140767049,0,0.000469075,0,0,0,0,0,0,0,0,4.47E-05,0.81062789,0.04123389,0,0.00029038,0,0,0.000178695,0.002166678,0,0.002211352,0.001250866,0,0,0,0,0,0
F160R6ZH.04,0,0.000104694,0,0.000785203,0,0,0,0.015407433,0,0.000279183,0,0,0,0,0,0,0,0,0,0.946152504,0.003175711,0,0.000209388,0,0,0.001430815,0.030675275,0,0.000593265,0.001186529,0,0,0,0,0,0
J160RZBC.04,0,4.85E-05,0,0.004028051,0,0,0,0.028196355,0,0.002256679,0,0,0,0,0,0,0,0,0,0.880857053,0.013637136,9.71E-05,0.017568125,0,0,0.000218388,0.01659751,0,0.003324355,0.03251559,0.000655165,0,0,0,0,0
J160RFPB.04,0,0,0,5.18E-05,0,0,0,0,0,0,0,0,0,0,0,0,0,0,0,0.998550249,0,0,0,0,0,0.001018277,0.00015533,0,0,0.000224366,0,0,0,0,0,0
H160R5W1.04,0,0,0,0.000569296,0.00012651,0,0,0.057435638,0,0.000569296,0,0,0,0,0,0,0,0,0,0.906319185,0.028844329,0.00012651,0.000189765,0,0,0.000221393,0.000822316,0,0.000632551,0.00414321,0,0,0,0,0,0
F160QV1R.04,0,0,0,0.00537611,0,0,0,1.45E-05,0,0,0,0,0,0,0,0,0,0,0,0.99449312,8.72E-05,0,0,0,0,0,2.91E-05,0,0,0,0,0,0,0,0,0
K160P7J5.04,0,0,0,0.001250801,0.002318558,0,0,0.255559962,0,0.000762683,0,0,0,0,0,0,0,0,6.10E-05,0.600567436,0.137527075,0,0,0,0,0,3.05E-05,0,0,0.001921962,0,0,0,0,0,0
J160PJ00.04,0,0,0,0.005416667,0.000208333,0,0,0.080238095,0,0.0075,0,0,0,0,0,0,0,0,0,0.689047619,0.015833333,0.001190476,0,0,0,0.000982143,0.144761905,0,0.002261905,0.04610119,0,0,0.002470238,0.003988095,0,0
H160RCQD.04,0,0,0,0.000227461,0,0,0,0,0,0,0,0,0,0,0,0,0,0,0,0.976344013,7.96E-05,0,0,0,0,0.016343103,0.004310394,0,0,0.002661299,0,0,0,0,0,3.41E-05
F160RGP6.04,0,0,0,0.002400674,0,0,0,0,0,9.54E-05,0,0,0,0,0,0,0,0,0,0.964816611,0.025644287,0,0,0,0,0.005961939,0.001081098,0,0,0,0,0,0,0,0,0
K160RQH7.04,0,0,0,0.036014207,0.006970492,0,0,0.047731271,0,3.32E-05,0,0,0,0,0,0,0,0,0.000896206,0.823115478,0.085139576,0,3.32E-05,0,0,3.32E-05,0,0,0,3.32E-05,0,0,0,0,0,0
G160QZKF.04,0,0,0,0.000318878,0,0,0,0.30648688,0,0.011844023,0,0,0,0,0,0,0,0,4.56E-05,0.352633017,0.242734147,0,0,0,0,0.001434949,0.025669643,0,0.0587418,9.11E-05,0,0,0,0,0,0
H160QPFH.04,0,0,0,0.001498237,0,0,0,0,0,0,0,0,0,0,0,0,0,0,0,0.842038778,2.94E-05,0,0,0,0,0.003025852,0.002849589,0,0,0.150558167,0,0,0,0,0,0
H160QMKD.04,0,0,0,0.004353902,0,0,0,0.00370888,0,0,0,0,0,0,0,0,0,0,0,0.962803698,0.006611481,0,0,0,0,0,0.022468286,0,0,5.38E-05,0,0,0,0,0,0
F160RXSB.04,0,0,0,0.001365671,0,0,0,0.001390961,0,0,0,0,0,0,0,0,0,0,0.001492122,0.611314838,0.336865532,0,0,0,0,0.001138059,0.041602387,0,0,0.004830429,0,0,0,0,0,0
J160RQXM.04,0,0.000809668,0,0.030647435,0.002279066,0,0,0.067922152,0,0.000629742,0,0,0,0,0,0.059345668,0,0,3.00E-05,0.355234354,0.257054608,0.000359852,0.044531742,0,0,6.00E-05,0.000329865,0,0.18031607,0.000449816,0,0,0,0,0,0
H160RYKW.04,0,0,0,0.034852547,0.006504637,0,0,0.041401134,0,0.000395552,0,0,0,0,0,0,0,0,0.000747154,0.773172768,0.10262383,4.40E-05,0.002373313,0,0,4.40E-05,0.001670109,0,0.034852547,0.001318507,0,0,0,0,0,0
G160TP63.04,0,0,0,0.007036861,0.000144877,0,0,0.010306931,0,0.000455326,0,0,0,0,0,0,0,0,0,0.946809612,0.033797628,0,0,0,0,0.000103483,0,0,0,0.001241799,0,0,0.000103483,0,0,0
F160RKND.04,0,0,0,0.007977936,0.000841423,0,0,0.000186983,0,0.000124655,0,0,0,0,0,0,0,0,0,0.971157891,0.014039298,0,4.67E-05,0,0,0.004627826,0.000950496,0,0,3.12E-05,0,0,0,1.56E-05,0,0
H160PLH2.04,0,0,0,0.055345718,0,0,0,2.57E-05,0,0,0,0,0,0,0,0,0,0.000102778,0,0.922788355,0,0,0,0,0,0.014902747,0.006834708,0,0,0,0,0,0,0,0,0
H160R2R1.04,0,0,0,0.007669187,2.39E-05,0,0,3.58E-05,0,0.000166981,0,0,0,0,0,0,0,0,0.001383555,0.98221655,0.002647838,0,0,0,0,0.004520407,0.001335846,0,0,0,0,0,0,0,0,0
J160PSM0.04,0,0,0,0.001579964,5.85E-05,0,0,0.28603195,0,0.000234069,0,0,0,0,0,0,0,0,0,0.411960911,0.050792908,0,0.003745099,0,0,0,0.239218211,0,0.000292586,0.005910235,0,0,0.000175552,0,0,0
G160R465.04,0,0,0,0.00133347,0,0,0,0,0,0,0,0,0,0,0,0,0,0,0,0.830238999,0,0,0,0,0,0.001928403,0.000369269,0,0,0.166129859,0,0,0,0,0,0
H160QLXW.04,0,0,0,0.000262548,0,0,0,0,0,0,0,0,0,0,0,0,0,0,0,0.44628714,6.56E-05,0,0,0,0,0,4.38E-05,0,0,0.553340918,0,0,0,0,0,0
G160S026.04,0,0,0,1.71E-05,0,0,0,0,0,0,0,0,0,0,0,0,0,0,0,0.997282098,0,0,0,0,0,0.002273465,0.000427343,0,0,0,0,0,0,0,0,0
F160R1XN.04,0,0.000369504,0,0.014287474,0.000492672,0,0,0.086833354,0,0.003038141,0,0,0,0,0,0,0,0,0.000328448,0.686209303,0.075584021,0,0.013507411,0,0,0.001560126,0.063103009,0,0.008170136,0.046516402,0,0,0,0,0,0
G160RFY4.04,0,0,0,0.001631275,0,0,0,2.84E-05,0,0,0,0,0,0,0,0,0,0,0,0.940664142,0,0,0,0,0,0.047746713,0.008950735,0,0,0.000978765,0,0,0,0,0,0
K160RCMM.04,0,0,0,2.63E-05,0,0,0,0,0,2.63E-05,0,0,0,0,0,0,0,0,0,0.982909129,2.63E-05,0,0,0,0,0.000631048,0.000157762,0,0,0.01622318,0,0,0,0,0,0
D160S1HJ.04,0,0,0,0.000865808,0,0,0,8.75E-06,0,0.000279857,0,0,0,0,0,0,0,0,0.00413664,0.890759463,0.100906038,0,0,0,0,0.000131183,4.37E-05,0,1.75E-05,0.002851046,0,0,0,0,0,0
E160S7NX.04,0,0,0,0.000147667,0,0,0,9.60E-05,0,3.69E-05,0,0,0,0,0,0,0,0,4.43E-05,0.958771412,0.040866804,0,0,0,0,0,0,0,1.48E-05,2.22E-05,0,0,0,0,0,0
A160SV7R.04,0,0,0,0.000235604,0,0,0,3.25E-05,0,0,0,0,0,0,0,0,0,0,0,0.998635123,1.62E-05,0,3.25E-05,0,0,0.000861172,0.00017061,0,0,1.62E-05,0,0,0,0,0,0
C160S300.04,0,3.04E-05,0,0.00013363,0,0,0,5.47E-05,0,0,0,0,0,0,0,0,0,0,0,0.998566517,7.90E-05,0,4.86E-05,0,0,0,6.07E-06,0,2.43E-05,0.00105689,0,0,0,0,0,0
C160S4KG.04,0,0,0,0.000102542,0,0,0,7.46E-05,0,0,0,0,0,0,0,0,0,0,0,0.122770874,9.32E-06,0,0.000130508,0,0,0,9.32E-05,0,0,0.876818957,0,0,0,0,0,0
D160S33M.04,0,0,0,0.001507659,0,0,0,0,0,0,0,0,0,0,0,0,0,0,0,0.997577187,4.69E-05,0,0,0,0,0,6.45E-05,0,0,0.000803693,0,0,0,0,0,0
D160S0BN.04,0,0.0004011,0,0.045438918,0.003820002,0,0,0.147089159,0,0.0010314,0,0,0,0,0,0,0,0,0.001356101,0.529891512,0.213194285,0.009034304,0.023015509,0,0,9.55E-05,0.004679502,0,0.018240507,0.0007067,0,0,0.002005501,0,0,0
B160S7JB.04,0,0.000160336,0,0.117459215,0.00184386,0,0,0.108333445,0,0.001322769,0,0,0,0,0,0,0,0,0.00122924,0.473203907,0.131582112,0.001656802,0.113130152,0,0,0,0.001977473,0,0.045401708,0.00122924,0,0,0.001469743,0,0,0
B160S48S.04,0,0,0,0.083004128,0.003610162,0,0,0.099678932,0,0.000606626,0,0,0,0,0,0,0,0,0.000606626,0.338067972,0.202820069,0.001272434,0.195673724,0,0,0,0.000369894,0,0.070664477,8.88E-05,0,0,0.003536183,0,0,0
C160SF7R.04,0,0.00055481,0,0.012228005,1.11E-05,0,0,0.027052518,0,0.000599194,0,0,0,0,0,0.000110962,0.000221924,0,0.000721253,0.820807581,0.069550937,1.11E-05,0.016267019,0,0,0.000266309,0.041699493,0,0.008999012,0.000399463,6.66E-05,0,0.000432752,0,0,0
A160S43W.04,0,0.000458328,0,0.0299059,0.001604148,0,0,0.097953279,0,0.00057291,0,0,0,0,0,0,0,0,0.001045561,0.553244819,0.159426517,0.002148412,0.120411349,0,0,0,0.007247311,0,0.022558329,5.73E-05,0,0,0.003365846,0,0,0
C160SWMK.04,0,0.00013541,0,0.000947867,7.29E-05,0,0,0.046757981,0,0.000437477,0,0,0,0,0,0,0,0,0.000218739,0.852393105,0.042310296,0.000114577,0.028935993,0,0,1.04E-05,0.022665486,0,0.004718504,9.37E-05,9.37E-05,0,9.37E-05,0,0,0
B160SCW0.04,0,0.001273661,0,0.030581413,0.005650177,0,0,0.145305746,0,0.001097516,0,0,0,0,0,0,0,0,0.00032519,0.591574868,0.110686557,0.003428045,0.007940057,0,0,5.42E-05,0.080836822,0,0.014728399,0.000149045,0,0,0.006368305,0,0,0
D160S178.04,0,9.98E-05,0,0.018056214,0.001496371,0,0,0.03911764,0,0.000486321,0,0,0,0,0,0,0,0,0.000124698,0.792877273,0.04275881,0.000810534,0.027396065,0,0,0.000112228,0.07141432,0,0.003703519,0.001359204,0,0,0.000187046,0,0,0
A160SDS6.04,0,5.66E-05,0,0.000726991,2.83E-05,0,0,0.073973715,0,0.001019676,0,0,0,0,0,0,0,0,0.000103856,0.636957589,0.062124703,2.83E-05,0.217549756,0,0,0.000141622,0.002133766,0,0.000509838,0.004522452,0,0,0.000122739,0,0,0
A160S5P1.04,0,0.000204869,0,0.072182197,0.002595008,0,0,0.137415918,0,0.00105849,0,0,0,0,0,0,0,0,0.0004951,0.487246901,0.116109537,0.000887766,0.072967528,0,0,5.12E-05,0.040342131,0,0.066036125,5.12E-05,0.000426811,0,0.001929184,0,0,0
B160S2L5.04,0,0.000297247,0,0.042255945,0.011733417,0,0,0.15264393,0,0.000140801,0,0,0,0,0,0.000219024,0,0,0.000469337,0.382994368,0.210888611,0.00491239,0.129771589,0,0,0,0.001314143,0,0.060309762,4.69E-05,0.000125156,0,0.001877347,0,0,0
C160S2K8.04,0,1.84E-05,0,0.001387498,0,0,0,0.036286284,0,0.000321605,0,0,0,0,0,0,0,0,0.001341554,0.86766395,0.06807928,3.68E-05,0.001856123,0,0,0,0.018386643,0,0.004612741,9.19E-06,0,0,0,0,0,0
A160SSRG.04,0,0.001666889,0,0.028270436,0.000877895,0,0,0.086844913,0,0.002155843,0,0,0,0,0,0,0,0,0.000100013,0.666299951,0.079088323,0.003200427,0.008745611,0,0,0,0.100302263,0,0.017846824,0.000633418,2.22E-05,0,0.00394497,0,0,0
E160SDQQ.04,0,7.79E-06,0,0.004283089,0.008005482,0,0,0.000513971,0,0.001619786,0,0,0,0,0,0,0.000116812,0,7.79E-06,0.964131078,0.016649534,0,0,0,0,0.002562066,0.00024141,0,0.001861197,0,0,0,0,0,0,0
A160SSZB.04,0,3.56E-05,0,0.016887108,0.002422623,0,0,0.060048987,0,0.001353819,0,0,0,0,0,0,0,0,0.000570029,0.83076375,0.084658205,7.13E-05,0.00167446,0,0,0,0.000213761,0,0.001175685,0.000124694,0,0,0,0,0,0
B160SFGZ.04,0,9.45E-05,0,0.019673878,0.000249145,0,0,0.072844894,0,0.000558429,0,0,0,0,0,1.72E-05,0,0,0.000721662,0.78750494,0.074219488,4.30E-05,0.036658705,0,0,0.000128868,0.000223372,0,0.005850616,0.000996581,0,0,0.00021478,0,0,0
E160S29K.04,0,0,0,0.001303409,0.000397132,0,0,0.004816504,0,0.000264755,0,0,0,0,0,0,0,0,3.05E-05,0.911561647,0.081483443,0,3.05E-05,0,0,0,7.13E-05,0,4.07E-05,0,0,0,0,0,0,0
C160S3Q7.04,0,0,0,0.000526121,2.47E-05,0,0,0.014007974,0,0.00319783,0,0,0,0,0,0,0,0,9.04E-05,0.966911916,0.011163632,0,0.003567759,0,0,0,8.22E-06,0,0.000501459,0,0,0,0,0,0,0
C160S608.04,0,0.000132462,0,0.002130431,8.83E-05,0,0,0.228077534,0,0.013665666,0,0,0,0,0,0,0,0,4.42E-05,0.377571971,0.102437301,0.000364271,0.129371247,0,0,0,0.143379106,0,0.000861003,0.000728541,0,0,0.001148004,0,0,0
C160SDPT.04,0,0,0,0.0093286,0.000389183,0,0,0.054921986,0,0.000389183,0,0,0,0,0,0,0,0,0.001214723,0.830398736,0.077683299,0.001710047,0.001863361,0,0,0.000589671,0.000271249,0,0.017595792,0.000365596,0,0,0.003278573,0,0,0
E160RYHG.04,0,2.32E-05,0,0.017845861,0,0,0,1.16E-05,0,1.16E-05,0,0,0,0,0,0,0,0,1.16E-05,0.975262703,2.32E-05,0,0,0,0,0.000515843,0.000150696,0,0,0.006143752,0,0,0,0,0,0
D160S5M5.04,0,0,0,0.080887943,0,0,0,0.034818306,0,0,0,0,0,0,0,0,0,0,0,0.549110537,0.139805382,0,0.030028889,0,0,0.000152045,0.032689676,0,0.085221225,0.015204501,0,0,0.017181086,0,0,0.014900411
C160S209.04,0,2.36E-05,0,0.029649214,0.001251121,0,0,0.019144516,0,0.001369152,0,0,0,0,0,0,0,0,0.00128653,0.856522355,0.057681413,0,0.000908833,0,0,5.90E-05,0.028539729,0,0.003517303,4.72E-05,0,0,0,0,0,0
A160SCR2.04,0,0,0,0.000842986,0,0,0,0.050953823,0,0.000967873,0,0,0,0,0,0,0,0,0,0.91816791,0.013144338,6.24E-05,0.005869681,0,0,0.004121265,0.003247057,0,0.002247963,9.37E-05,0,0,0.000280995,0,0,0
C160S6KB.04,0,9.84E-06,0,0.002244072,0.000442909,0,0,0.040796843,0,0.000226376,0,0,0,0,0,2.95E-05,0,0,0.000167321,0.850267222,0.102607258,0,0.000767709,0,0,0,9.84E-06,0,0.002007854,0.000108267,0,0,0.000314958,0,0,0
A160S69G.04,0,0,0,0.001955344,0,0,0,0,0,0,0,0,0,0,0,0,0,0,0.000231206,0.972737482,0.024990091,0,6.61E-06,0,0,0,1.98E-05,0,0,5.95E-05,0,0,0,0,0,0
D160SBLT.04,0,0,0,0.000531557,0,0,0,0,0,0,0,0,0,0,0,0,0,0,0,0.99930943,1.36E-05,0,0,0,0,0.00012721,1.36E-05,0,0,4.54E-06,0,0,0,0,0,0
C160S6H0.04,0,0.000100922,0,0.000181659,0,0,0,0,0,0,0,0,0,0,0,0,0,0,0,0.999103816,0,0,0,0,0,4.04E-06,0,0,0,0.000609567,0,0,0,0,0,0
E160RVSS.04,0,0,0,0,0,0,0,2.84E-05,0,9.47E-06,0,0,0,0,0,0,0,0,0,0.999886413,0,0,0,0,0,0,7.57E-05,0,0,0,0,0,0,0,0,0
D160S6C8.04,0,0,0,0.010637813,0,0,0,0,0,3.65E-05,0,0,0,0,0,0,0,0,0.002078339,0.794171536,0.192939117,0,9.12E-06,0,0,0,0,0,0,0.000127617,0,0,0,0,0,0
E160S4BL.04,0,0.00010646,0,1.12E-05,0,0,0,1.12E-05,0,0,0,0,0,0,0,0,0,0,0,0.999114697,1.12E-05,0,0,0,0,0,5.60E-06,0,0,0.00073962,0,0,0,0,0,0
B160SWG4.04,0,0,0,0.00014909,0,0,0,0.000133666,0,5.14E-06,0,0,0,0,0,0,0,0,0,0.997959016,7.71E-05,0,8.74E-05,0,0,0.001012781,0.000349589,0,0,0.000226205,0,0,0,0,0,0
A160S7N0.04,0,0,0,0.000298918,0,0,0,0,0,0,0,0,0,0,0,0,0,0,0,0.999545645,0.00010761,0,0,0,0,0,3.59E-05,0,0,1.20E-05,0,0,0,0,0,0
A160ST32.04,0,0,0,1.14E-05,0,0,0,2.66E-05,0,0,0,0,0,0,0,0,0,0,0,0.999920249,7.60E-06,0,0,0,0,2.66E-05,7.60E-06,0,0,0,0,0,0,0,0,0
B160S30X.04,0,0,0,0.000773919,0,0,0,1.07E-05,0,0,0,0,0,0,0,0,0,0,0,0.182376146,4.30E-05,0,1.07E-05,0,0,0.000161233,0.000343964,0,1.07E-05,0.816269496,0,0,0,0,0,0
D160RXXJ.04,0,0,0,7.90E-06,0,0,0,1.58E-05,0,0,0,0,0,0,0,0,8.69E-05,0,0,0.99977095,0,0,0,0,0,3.95E-05,7.90E-05,0,0,0,0,0,0,0,0,0
K160RZVY.04,0,0,0,0.014931502,0,0,0,6.57E-05,0,0,0,0,0,0,0,0,0,0,0,0.181280594,0.001691908,0,0,0,0,0.57945399,0.222461316,0,0,0.000114984,0,0,0,0,0,0
H160S09R.04,0,0,0,6.53E-05,0.005003789,0,0,0.123984218,0,0,0,0,0,0,0,0,0,0,0.000117583,0.575697003,0.279336835,0,0,0,0,0.000195971,0.005552507,0,0.009759348,0.000287424,0,0,0,0,0,0
F160S1TW.04,0,0.000101854,0,0.008135567,0.001056733,0,0,0.047476574,0,0.000101854,0,0,0,0,0,0,0,0,0.001158586,0.749350682,0.13915767,0.000356488,0.012642595,0,0,6.37E-05,0.015290792,0,0.024190263,0.000763903,0,0,0.000152781,0,0,0
H160RW3Q.04,0,0.000359436,0,0.019703629,0.002989854,0,0,0.095168853,0,0.00138873,0,0,0,0,0,0,0,0,0.001568448,0.608214747,0.13024654,0.00147042,0.046775696,0,0,0,0.054356528,0,0.032610649,0.001045632,0.000114366,0.000506478,0.003479994,0,0,0
H160SVQ1.04,0,0.001035485,0,0.000930019,0.010978053,0,8.63E-05,0.07281949,0,0.001898388,0,0,0,0,0,0,0,0,0.001668281,0.73400512,0.157479937,0,0.016596516,0,0,0,0,0,0.002502421,0,0,0,0,0,0,0
F160RW03.04,0,0.000262149,0,0.06248976,0.001212439,0,0.00011469,0.062211227,0,0.015941934,0,0,0,0,0,0,0,0,0.001703968,0.660467936,0.15063735,0.002605105,0.001654815,0,0,0,0.011305174,0,0.025805289,0.00072091,0,0,0.002867254,0,0,0
F160RX6M.04,0,1.52E-05,0,0.0129494,0.003305585,0,0,0.068340688,0,0,0,0,0,0,0,0,0,0,0.002577749,0.684195363,0.197015876,0.001576976,0.018726592,0,0,3.03E-05,0.000106143,0,0.011144976,0,0,0,1.52E-05,0,0,0
G160SC1H.04,0,0.000673619,0,0.002629704,0,0,0,0.22130967,0,0.001489734,0,0,0,0,0,0.000440443,0,0,0.000233176,0.259667077,0.037049032,0,0.038383315,0,0,0,0.43396593,0,0.003497636,0.000569985,7.77E-05,0,1.30E-05,0,0,0
K160NSW7.04,0,0,0,0.001845955,0,0,0,0,0,0,0,0,0,0,0,0,0,0,0,0.982476554,8.75E-06,0,0,0,0,0.001242301,0.01262423,0,0,0.001802212,0,0,0,0,0,0
J160P05Z.04,0,0,0,0.000100096,0,0,0,0,0,0,0,0,0,0,0,0,0,0,1.67E-05,0.952629603,0.043800309,0,0,0,0,0,0.002210452,0,0,0.001242858,0,0,0,0,0,0
J160RYGK.04,0,4.51E-05,0,0.005740911,2.70E-05,0,0,0.013915175,0,0.001198652,0,0,0,0,0,9.01E-06,0,0,0.000693956,0.954126787,0.017195696,0,0.001487049,0,0,0.000171236,0.004037564,0,0.000937292,0,0,0,0.000414571,0,0,0
G160RXDL.04,0,0.000346735,0,0.031651944,0.000858582,0,1.65E-05,0.088962272,0,0.002262033,0,0,0,0,0,0,0,0,0.001568563,0.705176257,0.08615537,0.003104103,0.031519855,0,0,0.000132089,0.040402873,0,0.006720053,0.000528358,0,0,0.000594403,0,0,0
G160SCKR.04,0,0,0,0.011874302,0.004419427,0,1.16E-05,0.061767306,0,0.000453573,0,0,0,0,0,0,0,0,0.002488835,0.831480275,0.081957108,0,0.000127931,0,0,3.49E-05,2.33E-05,0,0.003849553,0.000209341,0,0,0.001302568,0,0,0
J160STZG.04,0,0,0,0.00071875,0.000125,0,0,0.034677083,0,0.000208333,0,0,0,0,0,0,0,0,0.000875,0.86834375,0.0948125,0,0.000125,0,0,0,2.08E-05,0,9.38E-05,0,0,0,0,0,0,0
H160RZGP.04,0,0,0,0.003377277,0.005359308,0,0,0.04437403,0,0,0,0,0,0,0,0,0,0,0.00080846,0.760682758,0.184094199,0.000847579,0,0,0,9.13E-05,0.000143436,0,0,0.000221675,0,0,0,0,0,0
G160RXYH.04,0,0,0,0.001219787,0,0,0,2.82E-05,0,0,0,0,0,0,0,0,0,0,2.82E-05,0.994514482,0.001572327,0,2.12E-05,0,0,0.002228051,0.000232676,0,2.12E-05,0.000133965,0,0,0,0,0,0
J160S70G.04,0,7.29E-06,0,6.56E-05,0.005477753,0,0,0.000525164,0,0,0,0,0,0,0,0,0,0,0.000167761,0.925404814,0.061568198,0,7.29E-06,0,0,0,7.29E-06,0,0.006768782,0,0,0,0,0,0,0
H160RX46.04,0,3.38E-05,0,0.00627073,0,0,0,0.010963228,0,0.001350359,0,0,0,0,0,8.44E-06,0,0,0.000852414,0.95970866,0.015503811,0,0.00133348,0,0,0,0.002591002,0,0.001299721,8.44E-05,0,0,0,0,0,0
G160S0Q1.04,0,3.92E-05,0,0.003750261,0.000196007,0,0,0.055195484,0,0.001947,0,0,0,0,0,0,0,0,0.001633389,0.723225486,0.153995923,0,0.057011813,0,0,3.92E-05,5.23E-05,0,0.001947,0.000966966,0,0,0,0,0,0
J160S5QV.04,0,1.81E-05,0,0.01066964,2.72E-05,0,0,0.011177286,0,0.001912739,0,0,0,0,0,0,0,0,0.001087814,0.883522341,0.089771831,7.25E-05,0.000435126,0,0,0,0.000707079,0,0.000172237,0.000163172,0,0,0.000262888,0,0,0
K160RYFN.04,0,0.00106827,0,0.015564444,7.45E-05,0,0,0.025104343,0,0.000794992,0,0,0,0,0,0,0,0,0.000919209,0.803488025,0.090492398,0.000149061,0.001416079,0,0,0.000173904,0.057326344,0,0.000844679,0.001577561,0,0,0.001006161,0,0,0
F160RX7J.04,0,0,0,0.005945599,0.001124231,0,0,0.001584487,0,1.51E-05,0,0,0,0,0,0,0,0,0.000354623,0.94964349,0.039989437,0,0,0,0,0.000988418,0.000226355,0,0.000128268,0,0,0,0,0,0,0
G160SDXW.04,0,0,0,0.005320415,0.000785565,0,0,0.082805656,0,0.001404494,0,0,0,0,0,0,0,0,0.00023805,0.732717578,0.106932013,0.000726052,0.043836888,0,0,0.001297372,0.013033232,0,0.007296229,0.001987717,7.14E-05,0,0.001547324,0,0,0
G160S2Y6.04,0,0,0,0.012340102,0.00114367,0,0,0.012830247,0,0,0,0,0,0,0,0,0,0,9.61E-06,0.867603387,0.105851938,0,0,0,0,0.000105717,3.84E-05,0,0,7.69E-05,0,0,0,0,0,0
J160S4DD.04,0,0,0,1.63E-05,0,0,0,0,0,0,0,0,0,0,0,0,0,0,9.22E-05,0.987266259,0.012522235,0,0,0,0,1.63E-05,2.17E-05,0,0,6.51E-05,0,0,0,0,0,0
H160S32Q.04,0,0,0,0.000438883,0,0,0,0.000215301,0,4.97E-05,0,0,0,0,0,0,0,0,0.003800896,0.799695266,0.194218332,0,2.48E-05,0,0,0,0.000289829,0,8.28E-06,0.001258685,0,0,0,0,0,0
F160Q3GQ.04,0,0,0,0.005335445,0.045070164,0,0,0.003212741,0,0.0009294,0,0,0,0,0,0,0,0,0.000596652,0.764540521,0.18029213,0,0,0,0,1.15E-05,0,0,0,1.15E-05,0,0,0,0,0,0
K160SBK0.04,0,4.14E-05,0,0.001809122,2.07E-05,0,0,0.277405616,0,0.000878716,0,0,0,0,0,0,0,0,0.001281892,0.226708845,0.066978869,2.07E-05,0.194671877,0,0,0.000279122,0.2291279,0,0.000258446,0.000268784,0,0,0.000248108,0,0,0
J160S16C.04,0,1.42E-05,0,0.000398903,7.12E-06,0,0,0.001446023,0,0.00180931,0,0,0,0,0,0,0,0,0.000106849,0.990055918,0.003932044,2.85E-05,0,0,0,0,0.001096983,0,0.000911778,0.000135342,0,0,5.70E-05,0,0,0
J160RXK7.04,0,0,0,0.5446697,0.00041643,0,1.02E-05,0.016129032,0,0.01185301,0,0,0,0,0,0,0,0,2.03E-05,0.25111725,0.021603559,0.000132039,0.001137564,0,0,0.021562932,0.129621354,0.000304705,0.001239132,0,0,0.000182823,0,0,0,0
K160STT4.04,0,0,0,0.000155484,0,0,0,2.01E-05,0,0,0,0,0,0,0,0,0,0,0,0.999177438,2.01E-05,0,4.01E-05,0,0,3.51E-05,1.50E-05,0,0,0.000536672,0,0,0,0,0,0
H160SCJV.04,0,0,0,0.004012927,0,0,0,3.74E-05,0,0,0,0,0,0,0,0,0,0,4.68E-06,0.99484119,0.000757686,0,1.40E-05,0,0,0.000289978,4.21E-05,0,0,0,0,0,0,0,0,0
F160S3KZ.04,0,0,0,0.001657668,0,0,0,0.020460358,0,0.00781472,0,0,0,0,0,0,0,0,4.74E-05,0.924031448,0.012408828,0,0.025528086,0,0,0.000284172,0.002604907,0,0.001420858,0.003741593,0,0,0,0,0,0
J160STR2.04,0,0,0,0.010111873,0,0,0,9.73E-06,0,0,0,0,0,0,0,0,0,0,0,0.972832249,4.87E-05,0,9.73E-06,0,0,0,4.87E-06,0,0,0.016982886,0,0,0,0,0,0
G160SCLN.04,0,0,0,0.005474004,0,0,0,0,0,0,0,0,0,0,0,0,0,0,4.28E-05,0.917740263,0.076652091,0,0,0,0,8.02E-05,1.07E-05,0,0,0,0,0,0,0,0,0
G160S7PT.04,0,0,0,0.000354046,0,0,0,0.00016661,0,0,0,0,0,0,0,0,0,0,0,0.998986456,2.08E-05,0,0,0,0,0,4.17E-05,0,0,0.000430409,0,0,0,0,0,0
H160RVWH.04,0,0,0,0.000291607,0,0,0,3.36E-05,0,0,0,0,0,0,0,0,0,0,0,0.642321194,0.006740615,0,0,0,0,0,0.008142574,0,0.001121567,0.341348796,0,0,0,0,0,0
G160S1M4.04,0,1.26E-05,0,0.001270856,0,0,0,3.77E-05,0,1.26E-05,0,0,0,0,0,0,0,0,0,0.981125903,1.26E-05,0,0,0,0,0.013337695,0.004177467,0,1.26E-05,0,0,0,0,0,0,0
G160S1FQ.04,0,0,0,2.01E-05,0,0,0,6.70E-06,0,0,0,0,0,0,0,0,0,0,0,0.99854583,2.01E-05,0,0,0,0,0.0010789,0.000328361,0,0,0,0,0,0,0,0,0
F160SD5N.04,0,0,0,2.66E-05,0,0,0,6.64E-06,0,0,0,0,0,0,0,0,0,0,0,0.999674514,1.33E-05,0,1.33E-05,0,0,0.00017935,3.32E-05,0,0,5.31E-05,0,0,0,0,0,0
K160Q2XN.04,0,0,0,0.000610759,4.70E-05,0,0,1.17E-05,0,0,0,0,0,0,0,0,0,0,0,0.999248297,8.22E-05,0,0,0,0,0,0,0,0,0,0,0,0,0,0,0
J160S4CH.04,0,0,0,0.00536115,0,0,0,0,0,0.000291034,0,0,0,0,0,0,7.66E-06,0,0,0.909205095,0.000122541,0,0,0,0,0,7.66E-06,0,0,0.085004863,0,0,0,0,0,0
H160RZQF.04,0,0,0,0.000138084,0,0,0,0.000138084,0,0,0,0,0,0,0,0,0,0,0,0.929867657,0.000123549,0,4.36E-05,0,0,0.007013234,0.001707886,0,0,0.060967899,0,0,0,0,0,0