,Experiments,Time,k__Bacteria|p__Firmicutes|c__Bacilli|o__Lactobacillales|f__Streptococcaceae,k__Bacteria|p__Firmicutes|c__Bacilli|o__Bacillales|f__Staphylococcaceae,k__Bacteria|p__Firmicutes|c__Bacilli|Other|Other,k__Bacteria|p__Firmicutes|c__Clostridia|o__Clostridiales|f__Veillonellaceae,k__Bacteria|p__Firmicutes|c__Bacilli|o__Lactobacillales|f__Carnobacteriaceae,k__Bacteria|p__Bacteroidetes|c__Bacteroidia|o__Bacteroidales|f__Prevotellaceae,k__Bacteria|p__Bacteroidetes|c__Bacteroidia|o__Bacteroidales|f__[Paraprevotellaceae],k__Bacteria|p__Firmicutes|c__Bacilli|o__Gemellales|f__Gemellaceae,k__Bacteria|p__Firmicutes|c__Clostridia|o__Clostridiales|f__Lachnospiraceae,k__Bacteria|p__Actinobacteria|c__Actinobacteria|o__Actinomycetales|f__Actinomycetaceae,k__Bacteria|p__Proteobacteria|c__Betaproteobacteria|o__Neisseriales|f__Neisseriaceae,k__Bacteria|p__Bacteroidetes|c__Bacteroidia|o__Bacteroidales|f__Porphyromonadaceae,k__Bacteria|p__Fusobacteria|c__Fusobacteriia|o__Fusobacteriales|f__Leptotrichiaceae,k__Bacteria|p__Proteobacteria|c__Gammaproteobacteria|o__Xanthomonadales|f__Xanthomonadaceae,k__Bacteria|p__Bacteroidetes|c__Flavobacteriia|o__Flavobacteriales|f__[Weeksellaceae],k__Bacteria|p__Proteobacteria|c__Gammaproteobacteria|o__Enterobacteriales|f__Enterobacteriaceae,k__Bacteria|p__Firmicutes|c__Bacilli|o__Lactobacillales|f__Enterococcaceae,k__Bacteria|p__Proteobacteria|c__Gammaproteobacteria|o__Pasteurellales|f__Pasteurellaceae,k__Bacteria|p__Proteobacteria|c__Epsilonproteobacteria|o__Campylobacterales|f__Campylobacteraceae,k__Bacteria|p__Firmicutes|c__Bacilli|o__Lactobacillales|f__Lactobacillaceae,k__Bacteria|p__Actinobacteria|c__Actinobacteria|o__Actinomycetales|f__Corynebacteriaceae,k__Bacteria|p__Actinobacteria|c__Coriobacteriia|o__Coriobacteriales|f__Coriobacteriaceae,k__Bacteria|p__Proteobacteria|c__Gammaproteobacteria|o__Pseudomonadales|f__Moraxellaceae,k__Bacteria|p__Actinobacteria|c__Actinobacteria|o__Actinomycetales|f__Micrococcaceae,k__Bacteria|p__Proteobacteria|c__Alphaproteobacteria|o__Rhizobiales|f__Methylobacteriaceae,k__Bacteria|p__Proteobacteria|c__Alphaproteobacteria|o__Rhizobiales|f__Bradyrhizobiaceae,k__Bacteria|p__Proteobacteria|c__Alphaproteobacteria|o__Rhizobiales|f__Phyllobacteriaceae,k__Bacteria|p__Proteobacteria|c__Alphaproteobacteria|o__Sphingomonadales|f__Sphingomonadaceae,k__Bacteria|p__Proteobacteria|c__Betaproteobacteria|o__Burkholderiales|f__Oxalobacteraceae,k__Bacteria|p__Firmicutes|c__Bacilli|o__Lactobacillales|f__Leuconostocaceae,k__Bacteria|p__Actinobacteria|c__Actinobacteria|o__Actinomycetales|f__Mycobacteriaceae,k__Bacteria|p__Proteobacteria|c__Gammaproteobacteria|o__Pseudomonadales|f__Pseudomonadaceae,k__Bacteria|p__Tenericutes|c__Mollicutes|o__Mycoplasmatales|f__Mycoplasmataceae
0,PROP0510197,1,0.505596009,0.063443905,0.416689141,2.25e-05,0.0,4.49e-05,0.0,0.0,0.0,0.0,0.0,0.0,0.0,0.0,0.0,0.0,0.0,0.0,0.0,0.0,0.0,0.0,0.0,0.0,0.0,0.0,0.0,0.0,0.0,0.0,0.0,0.0,0.0
1,PROP0510197,2,0.789192219,0.000661588,0.005926729,0.064265959,0.029495815,0.007259095,0.021115695,0.041836275,0.003620359,0.001047515,0.0,0.0,0.0,0.0,0.0,0.0,0.0,0.0,0.0,0.0,0.0,0.0,0.0,0.0,0.0,0.0,0.0,0.0,0.0,0.0,0.0,0.0,0.0
2,PROP0510197,3,0.635795283,0.000862329,0.002759453,0.134825163,0.032294227,0.082093735,0.023929634,0.013064287,0.024921312,0.011727676,0.0,0.0,0.0,0.0,0.0,0.0,0.0,0.0,0.0,0.0,0.0,0.0,0.0,0.0,0.0,0.0,0.0,0.0,0.0,0.0,0.0,0.0,0.0
3,PROP0510197,4,0.451066461,0.399629057,0.110994333,0.000247295,6.18e-05,0.0,0.0,0.000226687,4.12e-05,2.06e-05,0.0,0.0,0.0,0.0,0.0,0.0,0.0,0.0,0.0,0.0,0.0,0.0,0.0,0.0,0.0,0.0,0.0,0.0,0.0,0.0,0.0,0.0,0.0
4,PROP0510197,5,0.811364442,0.000236267,4.73e-05,0.083922032,0.013845245,0.037046663,4.73e-05,0.005883048,0.017011223,0.007135263,0.0,0.0,0.0,0.0,0.0,0.0,0.0,0.0,0.0,0.0,0.0,0.0,0.0,0.0,0.0,0.0,0.0,0.0,0.0,0.0,0.0,0.0,0.0
5,PROP0510197,6,0.727268876,0.0,0.002309126,0.073913228,0.017117193,0.019807643,0.045652911,0.031204983,0.016693501,0.006376578,0.0,0.0,0.0,0.0,0.0,0.0,0.0,0.0,0.0,0.0,0.0,0.0,0.0,0.0,0.0,0.0,0.0,0.0,0.0,0.0,0.0,0.0,0.0
6,PROP0510197,7,0.832120944,0.0,0.010816623,0.028591309,0.016003542,0.001644633,0.042602315,0.047219938,0.000158138,0.000316276,0.0,0.0,0.0,0.0,0.0,0.0,0.0,0.0,0.0,0.0,0.0,0.0,0.0,0.0,0.0,0.0,0.0,0.0,0.0,0.0,0.0,0.0,0.0
7,PROP0510205,1,0.982623975,1.77e-05,0.000301729,0.005661851,0.000106492,0.0,0.0,0.002804302,0.0,0.000124241,1.77e-05,0.0,0.0,0.0,0.0,0.0,0.0,0.0,0.0,0.0,0.0,0.0,0.0,0.0,0.0,0.0,0.0,0.0,0.0,0.0,0.0,0.0,0.0
8,PROP0510205,2,0.887700448,0.001671752,0.000243459,0.021765241,0.006784393,0.0,0.0,0.005502175,0.0,0.038742453,0.0,0.000941375,0.0,0.0,0.0,0.0,0.0,0.0,0.0,0.0,0.0,0.0,0.0,0.0,0.0,0.0,0.0,0.0,0.0,0.0,0.0,0.0,0.0
9,PROP0510205,3,0.680939227,5.76e-05,0.016171731,0.042127072,0.046040516,0.0,0.015941529,0.079765193,0.0,0.000546731,0.032516114,0.071017495,0.0,0.0,0.0,0.0,0.0,0.0,0.0,0.0,0.0,0.0,0.0,0.0,0.0,0.0,0.0,0.0,0.0,0.0,0.0,0.0,0.0
10,PROP0510205,4,0.743544934,0.0,0.009283936,0.044737647,0.037310498,0.0,0.029228013,0.063043383,0.0,0.003385906,0.014177116,0.001114072,0.0,0.0,0.0,0.0,0.0,0.0,0.0,0.0,0.0,0.0,0.0,0.0,0.0,0.0,0.0,0.0,0.0,0.0,0.0,0.0,0.0
11,PROP0510205,5,0.698971383,0.000277405,0.004760267,0.064568746,0.082500194,0.0,0.009487245,0.033499406,0.0,0.010352748,0.04162182,0.004405189,0.0,0.0,0.0,0.0,0.0,0.0,0.0,0.0,0.0,0.0,0.0,0.0,0.0,0.0,0.0,0.0,0.0,0.0,0.0,0.0,0.0
12,PROP0510205,6,0.602562684,0.0,0.005598955,0.038263217,0.035386284,0.0,0.129307102,0.022639255,0.0,0.001106513,0.106225242,0.012968332,0.0,0.0,0.0,0.0,0.0,0.0,0.0,0.0,0.0,0.0,0.0,0.0,0.0,0.0,0.0,0.0,0.0,0.0,0.0,0.0,0.0
13,PROP0510205,7,0.977234129,0.00788516,0.0,0.000343712,6.07e-05,0.0,8.09e-05,4.04e-05,0.0,0.000566114,0.0,4.04e-05,0.0,0.0,0.0,0.0,0.0,0.0,0.0,0.0,0.0,0.0,0.0,0.0,0.0,0.0,0.0,0.0,0.0,0.0,0.0,0.0,0.0
14,PROP0510221,1,0.487415992,0.000118252,0.0,0.259484814,0.0,0.154654211,3.94e-05,0.0,0.0,0.03805751,0.0,1.97e-05,0.000335048,0.0,0.0,0.0,0.0,0.0,0.0,0.0,0.0,0.0,0.0,0.0,0.0,0.0,0.0,0.0,0.0,0.0,0.0,0.0,0.0
15,PROP0510221,2,0.351691032,0.000480035,0.0,0.110757146,0.042548549,0.034955269,0.209993454,0.0,0.0,0.020248745,0.006458652,0.036395374,0.121754309,0.0,0.0,0.0,0.0,0.0,0.0,0.0,0.0,0.0,0.0,0.0,0.0,0.0,0.0,0.0,0.0,0.0,0.0,0.0,0.0
16,PROP0510221,3,0.671105605,2.58e-05,0.0,0.122122432,0.046918551,0.025059358,0.024259317,0.0,0.0,0.015097553,0.01071023,0.003767936,0.033756581,0.0,0.0,0.0,0.0,0.0,0.0,0.0,0.0,0.0,0.0,0.0,0.0,0.0,0.0,0.0,0.0,0.0,0.0,0.0,0.0
17,PROP0510221,4,0.972900315,0.016840739,0.0,0.000226603,0.0,0.00142142,0.0,0.0,0.0,0.0,0.0,0.0,0.0,0.0,0.0,0.0,0.0,0.0,0.0,0.0,0.0,0.0,0.0,0.0,0.0,0.0,0.0,0.0,0.0,0.0,0.0,0.0,0.0
18,PROP0510221,5,0.83499341,0.005984919,0.0,0.001793315,4.32e-05,0.030572781,0.000129637,0.0,0.0,0.004883002,0.027872005,0.038113346,0.0,0.0,0.0,0.0,0.0,0.0,0.0,0.0,0.0,0.0,0.0,0.0,0.0,0.0,0.0,0.0,0.0,0.0,0.0,0.0,0.0
19,PROP0510221,6,0.455833333,0.206279762,0.0,0.003065476,2.98e-05,0.035565476,0.030565476,0.0,0.0,0.004017857,0.144404762,0.014077381,0.0,0.0,0.0,0.0,0.0,0.0,0.0,0.0,0.0,0.0,0.0,0.0,0.0,0.0,0.0,0.0,0.0,0.0,0.0,0.0,0.0
20,PROP0510221,7,0.469330828,0.004169481,0.0,0.044043809,2.94e-05,0.062307308,0.054819861,0.0,0.0,0.018557125,0.197374989,0.027688875,0.0,0.0,0.0,0.0,0.0,0.0,0.0,0.0,0.0,0.0,0.0,0.0,0.0,0.0,0.0,0.0,0.0,0.0,0.0,0.0,0.0
21,PROP0510238,1,0.942828569,0.0,0.0,0.023376948,0.002791899,0.000145845,0.0,0.000562547,0.0,0.0,0.0,0.0,0.0,0.0,2.08e-05,0.0,0.0,0.0,0.0,0.0,0.0,0.0,0.0,0.0,0.0,0.0,0.0,0.0,0.0,0.0,0.0,0.0,0.0
22,PROP0510238,2,0.699150215,0.0,0.0,0.155320043,0.005492908,0.055930725,0.000129245,0.001874051,0.0,0.0,0.002229474,0.0,0.0,0.0,0.00025849,0.0,0.0,0.0,0.0,0.0,0.0,0.0,0.0,0.0,0.0,0.0,0.0,0.0,0.0,0.0,0.0,0.0,0.0
23,PROP0510238,3,0.693847394,0.0,0.0,0.022031166,0.060686459,0.005541376,0.101020956,0.025960505,0.0,0.0,0.046950564,0.0,0.0,0.0,0.002552391,0.0,0.0,0.0,0.0,0.0,0.0,0.0,0.0,0.0,0.0,0.0,0.0,0.0,0.0,0.0,0.0,0.0,0.0
24,PROP0510238,4,0.664801224,0.0,0.0,0.00422204,0.082712306,0.002861919,0.008826613,0.027939135,0.0,0.0,0.166685557,0.0,0.0,0.0,0.000722564,0.0,0.0,0.0,0.0,0.0,0.0,0.0,0.0,0.0,0.0,0.0,0.0,0.0,0.0,0.0,0.0,0.0,0.0
25,PROP0510238,5,0.000583169,0.942939171,0.0,2.24e-05,4.49e-05,4.49e-05,0.000179437,6.73e-05,0.0,0.0,0.0,0.0,0.0,0.0,0.0,0.0,0.0,0.0,0.0,0.0,0.0,0.0,0.0,0.0,0.0,0.0,0.0,0.0,0.0,0.0,0.0,0.0,0.0
26,PROP0510238,6,0.91441678,1.54e-05,0.0,0.029871494,0.000324354,0.000262573,0.000247127,0.025253305,0.0,0.0,0.0,0.0,0.0,0.0,0.002502162,0.0,0.0,0.0,0.0,0.0,0.0,0.0,0.0,0.0,0.0,0.0,0.0,0.0,0.0,0.0,0.0,0.0,0.0
27,PROP0510238,7,0.69060921,0.0,0.0,0.017940214,0.079373205,0.000734525,0.116967525,0.042157277,0.0,0.0,0.014868565,0.0,0.0,0.0,0.001313241,0.0,0.0,0.0,0.0,0.0,0.0,0.0,0.0,0.0,0.0,0.0,0.0,0.0,0.0,0.0,0.0,0.0,0.0
28,PROP0510250,1,0.002289477,0.984431556,0.010444377,6.54e-05,0.0,0.000305264,0.0,0.000305264,0.0,0.0,0.0,0.0,0.0,0.0,0.0,0.0,0.0,0.0,0.0,0.0,0.0,0.0,0.0,0.0,0.0,0.0,0.0,0.0,0.0,0.0,0.0,0.0,0.0
29,PROP0510250,2,0.616491806,0.007110032,0.009971386,0.0,0.0,0.0,0.0,0.042790254,0.0,0.0,0.0,0.0,0.0,0.323333044,0.0,0.0,0.0,0.0,0.0,0.0,0.0,0.0,0.0,0.0,0.0,0.0,0.0,0.0,0.0,0.0,0.0,0.0,0.0
30,PROP0510250,3,0.99314734,0.0,0.000296011,0.0,0.0,4.44e-05,0.0,0.001346851,0.0,0.0,0.0,0.0,0.0,0.000148006,0.0,0.0,0.004306964,0.0,0.0,0.0,0.0,0.0,0.0,0.0,0.0,0.0,0.0,0.0,0.0,0.0,0.0,0.0,0.0
31,PROP0510250,4,0.835931223,0.0,6.43e-05,0.123123895,0.0,0.018736944,0.000514221,0.001189137,0.0,0.0,0.0,0.0,0.0,0.0,0.0,0.0,0.0,0.0,0.0,0.0,0.0,0.0,0.0,0.0,0.0,0.0,0.0,0.0,0.0,0.0,0.0,0.0,0.0
32,PROP0510250,5,0.693232631,0.0,0.043119657,3.16e-05,0.0,0.0,0.0,0.263458105,0.0,0.0,0.0,0.0,0.0,7.9e-05,0.0,0.0,0.0,0.0,0.0,0.0,0.0,0.0,0.0,0.0,0.0,0.0,0.0,0.0,0.0,0.0,0.0,0.0,0.0
33,PROP0510250,6,0.442742027,0.0,4.54e-05,0.447667688,0.0,0.000340483,0.0,0.000181591,0.0,0.0,0.0,0.0,0.0,0.0,0.0,0.0,0.000567472,0.0,0.0,0.0,0.0,0.0,0.0,0.0,0.0,0.0,0.0,0.0,0.0,0.0,0.0,0.0,0.0
34,PROP0510250,7,0.573551946,0.219353356,0.02283175,0.0,0.0,0.0,0.0,0.0,0.0,0.0,0.0,0.0,0.0,0.0,0.0,0.176850291,0.00078532,0.0,0.0,0.0,0.0,0.0,0.0,0.0,0.0,0.0,0.0,0.0,0.0,0.0,0.0,0.0,0.0
35,PROP0510251,1,0.000225195,0.998976385,0.000153542,7.17e-05,0.0,2.05e-05,0.0,0.0,0.0,1.02e-05,0.0,0.0,0.0,0.0,0.0,0.0,0.0,0.0,0.0,0.0,0.0,0.0,0.0,0.0,0.0,0.0,0.0,0.0,0.0,0.0,0.0,0.0,0.0
36,PROP0510251,2,0.174424765,0.620950651,0.024769149,0.032054193,0.000794732,0.0,0.0,0.138623978,0.0,0.005430669,0.0,0.0,0.0,0.0,0.0,0.001267787,0.0,0.0,0.0,0.0,0.0,0.0,0.0,0.0,0.0,0.0,0.0,0.0,0.0,0.0,0.0,0.0,0.0
37,PROP0510251,3,0.525242677,0.006443135,0.022353157,2.83e-05,0.0,0.0,0.0,0.251451825,0.0,0.0,0.0,0.0,0.0,0.047320306,0.0,0.146906306,0.0,0.0,0.0,0.0,0.0,0.0,0.0,0.0,0.0,0.0,0.0,0.0,0.0,0.0,0.0,0.0,0.0
38,PROP0510251,4,0.881007099,0.0,0.000536234,0.058858077,0.016546652,0.003421684,0.0,0.003625964,0.0,0.002910985,0.0,0.0,0.0,0.0,0.0,0.0,0.0,0.0,0.0,0.0,0.0,0.0,0.0,0.0,0.0,0.0,0.0,0.0,0.0,0.0,0.0,0.0,0.0
39,PROP0510251,5,0.0,0.963028135,7.82e-05,0.0,0.0,0.0,0.0,0.0,0.0,0.0,0.0,0.0,0.0,0.0,0.0,0.000254169,0.0,0.0,0.0,0.0,0.0,0.0,0.0,0.0,0.0,0.0,0.0,0.0,0.0,0.0,0.0,0.0,0.0
40,PROP0510251,6,0.47396669,0.0002865,0.004908702,0.202746581,0.014038506,0.137500955,0.0,0.034991214,0.0,0.045095118,0.0,0.0,0.0,0.0,0.0,0.0,0.0,0.0,0.0,0.0,0.0,0.0,0.0,0.0,0.0,0.0,0.0,0.0,0.0,0.0,0.0,0.0,0.0
41,PROP0510251,7,0.687590453,0.000883067,0.000539652,0.279736061,0.003090735,0.0,0.0,0.004758751,0.0,0.009542032,0.0,0.0,0.0,0.000907597,0.0,0.006573945,0.0,0.0,0.0,0.0,0.0,0.0,0.0,0.0,0.0,0.0,0.0,0.0,0.0,0.0,0.0,0.0,0.0
42,RPRC0530001,1,0.603577052,0.0,0.0,0.052363842,0.072025516,0.022689652,0.051717873,0.017764141,0.0,0.0,0.118616012,0.012515645,0.027938148,0.0,0.0,0.0,0.0,0.000363357,0.0,0.0,0.0,0.0,0.0,0.0,0.0,0.0,0.0,0.0,0.0,0.0,0.0,0.0,0.0
43,RPRC0530001,2,0.731585398,0.0,0.0,0.164403643,0.00216289,0.087284612,0.002499339,0.000961284,0.0,0.0,0.006152219,0.000672899,0.0,0.0,0.0,0.0,0.0,0.0,0.0,0.0,0.0,0.0,0.0,0.0,0.0,0.0,0.0,0.0,0.0,0.0,0.0,0.0,0.0
44,RPRC0530001,3,0.554576651,0.0,0.0,0.12806045,0.044644625,0.079786181,0.018940144,0.012670758,0.0,0.0,0.067313403,0.004520557,0.009536065,0.0,0.0,0.0,0.0,0.000659935,0.0,0.0,0.0,0.0,0.0,0.0,0.0,0.0,0.0,0.0,0.0,0.0,0.0,0.0,0.0
45,RPRC0530001,4,0.666496146,0.0,0.0,0.113464293,0.027726622,0.072607598,0.001159539,0.019848578,0.0,0.0,0.000477457,0.001125435,0.007434691,0.0,0.0,0.0,0.0,0.000238729,0.0,0.0,0.0,0.0,0.0,0.0,0.0,0.0,0.0,0.0,0.0,0.0,0.0,0.0,0.0
46,RPRC0530001,5,0.543260143,0.0,0.0,0.072439533,0.028476564,0.001114827,0.109034947,0.036207649,0.0,0.0,0.073627066,0.049658281,0.069967525,0.0,0.0,0.0,0.0,0.000169648,0.0,0.0,0.0,0.0,0.0,0.0,0.0,0.0,0.0,0.0,0.0,0.0,0.0,0.0,0.0
47,RPRC0530001,6,0.026133167,0.0,0.0,0.000625195,0.000375117,0.000250078,0.000125039,0.003376055,0.0,0.0,0.0,0.0,0.0,0.0,0.0,0.0,0.0,0.965676774,0.0,0.0,0.0,0.0,0.0,0.0,0.0,0.0,0.0,0.0,0.0,0.0,0.0,0.0,0.0
48,RPRC0530001,7,0.31938674,0.0,0.0,0.041254608,0.05840014,0.001521447,0.224413365,0.027503072,0.0,0.0,0.239218211,0.060097139,0.002633273,0.0,0.0,0.0,0.0,0.005910235,0.0,0.0,0.0,0.0,0.0,0.0,0.0,0.0,0.0,0.0,0.0,0.0,0.0,0.0,0.0
49,RPRC0530003,1,0.403130326,0.0,0.0,0.226298323,0.011839627,0.094761862,0.0,0.0,0.014889228,0.062158041,0.0,0.0,0.124002153,0.0,0.0,0.0,0.0,0.0,0.035474034,0.0,0.0,0.0,0.0,0.0,0.0,0.0,0.0,0.0,0.0,0.0,0.0,0.0,0.0
50,RPRC0530003,2,0.1555077,0.0,0.0,0.271371705,0.004437484,0.089532759,0.0,0.0,0.033607413,0.074719394,0.000652571,0.0,0.31940094,0.0,0.0,0.0,0.0,0.0,0.029496215,0.0,0.0,0.0,0.0,0.0,0.0,0.0,0.0,0.0,0.0,0.0,0.0,0.0,0.0
51,RPRC0530003,3,0.486875684,0.0,0.0,0.203755013,0.016551221,0.108786001,0.0,0.0,0.023660226,0.025373678,0.014072184,0.0,0.059278163,0.0,0.0,0.0,0.0,0.0,0.039919796,0.0,0.0,0.0,0.0,0.0,0.0,0.0,0.0,0.0,0.0,0.0,0.0,0.0,0.0
52,RPRC0530003,4,0.625091301,0.0,0.0,0.079475497,0.054885047,0.014747313,0.0,0.0,0.008660568,0.015582067,0.027164273,0.0,0.056241522,0.0,0.0,0.0,0.0,0.0,0.015199471,0.0,0.0,0.0,0.0,0.0,0.0,0.0,0.0,0.0,0.0,0.0,0.0,0.0,0.0
53,RPRC0530003,5,0.996393029,0.0,0.0,0.0,0.0,0.0,0.0,0.0,0.0,0.0,0.001535498,0.0,0.0,0.0,0.0,0.0,0.0,0.0,0.0,0.0,0.0,0.0,0.0,0.0,0.0,0.0,0.0,0.0,0.0,0.0,0.0,0.0,0.0
54,RPRC0530003,6,0.707079028,0.0,0.0,0.218785882,0.0,2.5e-05,0.0,0.0,0.0,0.0,0.0,0.0,0.0,0.0,0.0,0.0,0.0,0.0,0.0,0.045454545,0.0,0.0,0.0,0.0,0.0,0.0,0.0,0.0,0.0,0.0,0.0,0.0,0.0
55,RPRC0530003,7,0.888484776,0.0,0.0,0.027984009,0.0,3.01e-05,0.0,0.0,0.0,3.01e-05,1.5e-05,0.0,0.0,0.0,0.0,0.0,0.0,0.0,1.5e-05,0.077835222,0.0,0.0,0.0,0.0,0.0,0.0,0.0,0.0,0.0,0.0,0.0,0.0,0.0
56,RPRC0530006,1,0.871431074,0.0,0.000569277,0.117424242,0.000262743,0.001445087,4.38e-05,0.006765633,0.0,0.0,0.000153267,8.76e-05,2.19e-05,0.0,0.0,0.0,0.0,0.0,0.0,0.0,0.0,0.0,0.0,0.0,0.0,0.0,0.0,0.0,0.0,0.0,0.0,0.0,0.0
57,RPRC0530006,2,0.87222183,0.0,0.008513841,0.038570992,0.000376302,0.023542416,0.0,0.048731155,0.0,0.0,0.0,0.0,0.0,0.0,0.0,0.0,0.0,0.0,0.0,0.0,0.0,0.0,0.0,0.0,0.0,0.0,0.0,0.0,0.0,0.0,0.0,0.0,0.0
58,RPRC0530006,3,0.78967898,0.0,0.008385307,0.020191485,0.027951023,0.005631923,0.067437058,0.02334119,0.0,0.0,0.017438101,0.000980372,0.03024551,0.0,0.0,0.0,0.0,0.0,0.0,0.0,0.0,0.0,0.0,0.0,0.0,0.0,0.0,0.0,0.0,0.0,0.0,0.0,0.0
59,RPRC0530006,4,0.97407388,0.0,0.001048933,0.004947466,0.006695687,0.001958008,0.001695775,0.004562857,0.0,0.0,0.000524466,0.001328648,0.0,0.0,0.0,0.0,0.0,0.0,0.0,0.0,0.0,0.0,0.0,0.0,0.0,0.0,0.0,0.0,0.0,0.0,0.0,0.0,0.0
60,RPRC0530006,5,0.879554134,0.0,0.001061587,0.011515268,0.021511877,4.42e-05,1.47e-05,0.078321513,0.0,0.0,2.95e-05,0.0,0.0,0.0,0.0,0.0,0.0,0.0,0.0,0.0,0.0,0.0,0.0,0.0,0.0,0.0,0.0,0.0,0.0,0.0,0.0,0.0,0.0
61,RPRC0530006,6,0.882603385,0.0,0.006578259,0.002530099,0.005950096,0.004222649,0.007503054,0.050741581,0.0,0.0,0.030465887,0.003681731,0.0,0.0,0.0,0.0,0.0,0.0,0.0,0.0,0.0,0.0,0.0,0.0,0.0,0.0,0.0,0.0,0.0,0.0,0.0,0.0,0.0
62,RPRC0530006,7,0.813630766,0.0,4.74e-05,0.011272142,0.008904045,0.004073127,0.013734963,0.101117742,0.0,0.0,0.002604907,0.002652269,0.025528086,0.0,0.0,0.0,0.0,0.0,0.0,0.0,0.0,0.0,0.0,0.0,0.0,0.0,0.0,0.0,0.0,0.0,0.0,0.0,0.0
63,RPRC0530015,1,0.697539531,0.0,0.0,0.195870831,0.000506364,0.015766336,0.0,0.009966166,0.0,0.053720625,0.0,0.0,0.0,0.0,0.0,0.0,0.0,0.0,0.0,0.0,0.0,0.0,0.0,0.0,0.0,0.0,0.0,0.0,0.0,0.0,0.0,0.0,0.0
64,RPRC0530015,2,0.611951348,0.0,0.0,0.161244995,0.001072751,0.094991312,0.0,0.033376143,0.0,0.053456221,0.0,0.0,0.0,0.0,0.0,0.0,0.0,0.0,0.0,0.0,0.0,0.0,0.0,0.0,0.0,0.0,0.0,0.0,0.0,0.0,0.0,0.0,0.0
65,RPRC0530015,3,0.803724103,0.0,0.0,0.087583251,0.032631991,0.003756366,0.0,0.029371097,0.0,0.030592492,0.0,0.0,0.0,0.0,0.0,0.0,0.0,0.0,0.0,0.0,0.0,0.0,0.0,0.0,0.0,0.0,0.0,0.0,0.0,0.0,0.0,0.0,0.0
66,RPRC0530015,4,0.432227335,0.0,0.0,0.121740534,0.10753209,0.035359651,0.036409139,0.081416001,0.0,0.019375151,0.018487124,0.036086219,0.06954872,0.0,0.0,0.0,0.0,0.0,0.0,0.0,0.0,0.0,0.0,0.0,0.0,0.0,0.0,0.0,0.0,0.0,0.0,0.0,0.0
67,RPRC0530015,5,0.210228276,0.0,0.0,0.101697722,0.09809917,0.002053161,0.000684387,0.061683151,0.0,0.001909661,0.14327976,0.225339986,0.122461144,0.0,0.0,0.0,0.0,0.0,0.0,0.0,0.0,0.0,0.0,0.0,0.0,0.0,0.0,0.0,0.0,0.0,0.0,0.0,0.0
68,RPRC0530015,6,0.623759229,0.0,0.0,0.168903882,0.008071638,0.075859267,0.0,0.057207955,0.0,0.026316719,0.0,0.0,0.0,0.0,0.0,0.0,0.0,0.0,0.0,0.0,0.0,0.0,0.0,0.0,0.0,0.0,0.0,0.0,0.0,0.0,0.0,0.0,0.0
69,RPRC0530015,7,0.589295957,0.0,0.0,0.039017882,0.079507195,0.012981021,0.000236925,0.107975659,0.0,0.017669651,0.071389381,0.025874754,0.026922214,0.0,0.0,0.0,0.0,0.0,0.0,0.0,0.0,0.0,0.0,0.0,0.0,0.0,0.0,0.0,0.0,0.0,0.0,0.0,0.0
70,RPRC0530018,1,0.73929876,0.0,0.0,0.013050673,0.024977364,0.0,0.033781885,0.152393144,0.0,0.0,0.003153392,0.0,0.0,0.0,0.0,0.0,0.0,0.0,0.0,0.0,0.0,0.0,0.0,0.0,0.0,0.0,0.0,0.0,0.0,0.0,0.0,0.0,0.0
71,RPRC0530018,2,0.871053959,0.00114546,0.0,0.041141096,0.0,0.0,0.0,0.075273069,0.0,0.0,0.000163637,0.0,0.0,0.0,0.0,0.0,0.0,0.0,0.0,0.0,4.09e-05,0.000927277,0.0,0.0,0.0,0.0,0.0,0.0,0.0,0.0,0.0,0.0,0.0
72,RPRC0530018,3,0.913944146,0.00041947,0.0,0.072390817,6.45e-05,0.0,0.001000274,0.002436152,0.0,0.0,0.0,0.0,0.0,0.0,0.0,0.0,0.0,0.0,0.0,0.0,0.0,0.005662843,3.23e-05,0.0,0.0,0.0,0.0,0.0,0.0,0.0,0.0,0.0,0.0
73,RPRC0530018,4,0.710650823,0.066689541,0.0,0.109596215,0.0,0.0,0.0,0.018094481,0.0,0.0,0.0,0.0,0.0,0.0,0.0,0.0,0.0,0.0,0.0,0.0,0.001805836,0.061452615,0.0,0.0,0.0,0.0,0.0,0.0,0.0,0.0,0.0,0.0,0.0
74,RPRC0530018,5,0.548553204,3.32e-05,0.0,0.036012093,0.092654729,0.0,0.048835587,0.03750706,0.0,0.0,0.077970832,0.0,0.0,0.0,0.0,0.0,0.0,0.0,0.0,0.0,0.0,0.000564765,0.0,0.0,0.0,0.0,0.0,0.0,0.0,0.0,0.0,0.0,0.0
75,RPRC0530018,6,0.568792813,0.188163345,0.0,0.18029213,0.0,0.0,3.44e-05,0.007102452,0.0,0.0,0.0,0.0,0.0,0.0,0.0,0.0,0.0,0.0,0.0,0.0,0.002019437,0.045070164,0.0,0.0,0.0,0.0,0.0,0.0,0.0,0.0,0.0,0.0,0.0
76,RPRC0530018,7,0.887171002,1.39e-05,0.0,0.073870667,1.39e-05,0.0,8.34e-05,0.002780752,0.0,0.0,0.0,0.0,0.0,0.0,0.0,0.0,0.0,0.0,0.0,0.0,4.17e-05,0.031672761,9.73e-05,0.0,0.0,0.0,0.0,0.0,0.0,0.0,0.0,0.0,0.0
77,RPRC0530022,1,0.784089115,0.0,0.0,0.030225419,0.015314446,0.034716253,0.0,0.054170687,0.0,0.0,0.0,0.000280677,0.036803789,0.0,0.0,0.0,0.0,0.0,0.0,0.0,0.0,0.0,0.0,0.0,0.0,0.0,0.0,0.0,0.0,0.0,0.0,0.0,0.0
78,RPRC0530022,2,0.387881729,0.0,0.0,0.049811085,0.018406184,0.024229609,0.0,0.009116434,0.0,0.0,0.134354744,0.003535651,0.008804465,0.0,0.0,0.0,0.0,0.0,0.0,0.000381296,0.106520157,0.0,0.0,0.0,0.0,0.0,0.0,0.0,0.0,0.0,0.0,0.0,0.0
79,RPRC0530022,3,0.669274743,0.0,0.0,0.192967293,0.013783378,0.068037423,0.0,0.000879467,0.0,0.0,9.1e-05,3.03e-05,0.018726592,0.0,0.0,0.0,0.0,0.0,0.0,0.0,0.0,0.0,0.0,0.0,0.0,0.0,0.0,0.0,0.0,0.0,0.0,0.0,0.0
80,RPRC0530022,4,0.643317939,0.0,0.0,0.103123215,0.039611503,0.012473815,0.0,0.047907541,0.0,0.0,0.012830889,0.069736717,0.043836888,0.0,0.0,0.0,0.0,0.0,0.0,3.57e-05,1.19e-05,0.0,0.0,0.0,0.0,0.0,0.0,0.0,0.0,0.0,0.0,0.0,0.0
81,RPRC0530022,5,0.995970469,0.0,0.0,1.41e-05,0.0,1.41e-05,0.0,0.001831605,0.0,0.0,0.001408927,0.0,0.0,0.0,0.0,0.0,0.0,0.0,0.0,0.0,0.0,0.0,0.0,0.0,0.0,0.0,0.0,0.0,0.0,0.0,0.0,0.0,0.0
82,RPRC0530022,6,0.740593313,0.0,0.0,0.111015671,0.017200201,0.061070142,0.0,0.001927428,0.0,0.0,0.0,2.1e-05,0.007625911,0.0,0.0,0.0,0.0,0.0,0.0,4.19e-05,0.000565658,0.0,0.0,0.0,0.0,0.0,0.0,0.0,0.0,0.0,0.0,0.0,0.0
83,RPRC0530022,7,0.694875036,0.0,0.0,0.230279644,0.04344355,0.0099572,0.0,0.000620939,0.0,0.0,2.22e-05,0.000133058,4.44e-05,0.0,0.0,0.0,0.0,0.0,0.0,0.002461579,0.0,0.0,0.0,0.0,0.0,0.0,0.0,0.0,0.0,0.0,0.0,0.0,0.0
84,RPRC0530024,1,0.399289787,0.0,0.0,0.092208147,0.034520436,0.023679448,0.112507256,0.050927032,0.0,0.070577389,0.0,0.001160925,0.071618807,0.0,0.0,0.0,0.0,0.0,0.066036125,0.0,0.0,0.0,0.0,0.0,0.0,0.0,0.0,0.0,0.0,0.0,0.0,0.0,0.0
85,RPRC0530024,2,0.826124302,0.0,0.0,0.009959711,0.056322474,0.000613535,0.007648731,0.041474937,0.0,0.002638199,0.0,0.032803648,0.0,0.0,0.0,0.0,0.0,0.0,0.004540156,0.0,0.0,0.0,0.0,0.0,0.0,0.0,0.0,0.0,0.0,0.0,0.0,0.0,0.0
86,RPRC0530024,3,0.859614586,0.0,0.0,0.068162594,0.000230695,0.001968595,6.15e-05,0.023269405,0.0,0.003352763,0.0,0.007305332,0.0,0.0,0.0,0.0,0.0,0.0,0.003075929,0.0,0.0,0.0,0.0,0.0,0.0,0.0,0.0,0.0,0.0,0.0,0.0,0.0,0.0
87,RPRC0530024,4,0.908060453,0.0,0.0,0.040602135,4e-05,0.001519331,0.000359842,0.030506577,0.0,0.009675743,0.0,0.00033985,0.0,0.0,0.0,0.0,0.0,0.0,0.00033985,0.0,0.0,0.0,0.0,0.0,0.0,0.0,0.0,0.0,0.0,0.0,0.0,0.0,0.0
88,RPRC0530024,5,0.722235503,0.0,0.0,0.072196988,0.041517252,0.008553138,0.021223471,0.049193827,0.0,0.00302813,0.0,0.044651632,0.015725025,0.0,0.0,0.0,0.0,0.0,0.003984381,0.0,0.0,0.0,0.0,0.0,0.0,0.0,0.0,0.0,0.0,0.0,0.0,0.0,0.0
89,RPRC0530024,6,0.160210712,0.0,0.0,0.0,0.000567788,0.0,0.006024856,0.723550565,0.0,0.0,0.0,0.000662419,3.15e-05,0.0,0.0,0.0,0.0,0.0,0.0,0.0,0.0,0.0,0.0,0.0,0.0,0.0,0.0,0.0,0.0,0.0,0.0,0.0,0.0
90,RPRC0530024,7,0.712433525,0.0,0.0,0.099591263,0.055201512,0.034852547,0.003911572,0.00523008,0.0,0.031292577,0.0,0.002637015,0.002373313,0.0,0.0,0.0,0.0,0.0,0.034852547,0.0,0.0,0.0,0.0,0.0,0.0,0.0,0.0,0.0,0.0,0.0,0.0,0.0,0.0
91,RPRC0530025,1,0.834785693,0.0,0.0,0.017343871,0.000135103,0.0,0.0,8.44e-05,0.0,0.001097713,0.0,0.0,0.0,0.0,0.0,0.0,0.0,0.0,0.0,0.115682102,0.0,0.0,0.0,0.0,0.0,0.0,0.0,0.0,0.0,0.0,0.0,0.0,0.0
92,RPRC0530025,2,0.926331881,0.0,0.0,0.070473133,0.0,0.0,0.0,3.06e-05,0.0,0.0,0.0,0.0,0.0,0.0,0.0,0.0,0.0,0.0,0.0,0.0,0.0,0.0,0.0,0.0,0.0,0.0,0.0,0.0,0.0,0.0,0.0,0.0,0.0
93,RPRC0530025,3,0.970100651,0.0,0.0,3.7e-05,3.7e-05,0.0,3.7e-05,0.013950562,0.0,0.002997336,0.0,3.7e-05,0.0,0.0,0.0,0.0,0.0,0.0,0.0,0.0,0.0,0.0,0.0,0.0,0.0,0.0,0.0,0.0,0.0,0.0,0.0,0.0,0.0
94,RPRC0530025,4,0.738977112,0.0,0.0,0.044978842,0.074964736,0.000932793,0.032511262,0.050279838,0.0,0.000887291,0.022318788,0.018769623,0.0,0.0,0.0,0.0,0.0,0.0,0.0,0.0,0.0,0.0,0.0,0.0,0.0,0.0,0.0,0.0,0.0,0.0,0.0,0.0,0.0
95,RPRC0530025,5,0.75206553,0.0,0.0,0.057350928,0.081771399,0.009041122,0.00599594,0.019640244,0.0,0.029389547,0.028516123,0.004095652,0.0,0.0,0.0,0.0,0.0,0.0,0.0,0.0,0.0,0.0,0.0,0.0,0.0,0.0,0.0,0.0,0.0,0.0,0.0,0.0,0.0
96,RPRC0530025,6,0.994129869,0.0,0.0,8.72e-05,0.0,0.0,0.0,1.45e-05,0.0,0.000958982,0.0,1.45e-05,0.0,0.0,0.0,0.0,0.0,0.0,0.0,0.00020342,0.0,0.0,0.0,0.0,0.0,0.0,0.0,0.0,0.0,0.0,0.0,0.0,0.0
97,RPRC0530025,7,0.712976549,0.0,0.0,0.031353772,0.068962854,0.0,0.00779983,0.095683064,0.0,7.72e-05,0.044404973,0.022524262,0.0,0.0,0.0,0.0,0.0,0.0,0.0,0.0,0.0,0.0,0.0,0.0,0.0,0.0,0.0,0.0,0.0,0.0,0.0,0.0,0.0
98,RPRC0530027,1,0.799310595,0.0,0.0,0.124564586,0.002177068,0.021516691,0.000145138,0.004680697,0.0,0.0,0.000580552,0.000544267,0.000399129,0.0,0.0,0.0,0.0,0.0,0.022859216,0.0,0.0,0.0,0.0,0.0,0.0,0.0,0.0,0.0,0.0,0.0,0.0,0.0,0.0
99,RPRC0530027,2,0.686616208,0.0,0.0,0.103415174,0.053535167,0.015728263,0.000332287,0.02569688,0.0,0.0,0.024515414,0.022410929,0.030127377,0.0,0.0,0.0,0.0,0.0,0.005353517,0.0,0.0,0.0,0.0,0.0,0.0,0.0,0.0,0.0,0.0,0.0,0.0,0.0,0.0
100,RPRC0530027,3,0.65037699,0.0,0.0,0.055012566,0.080703714,0.009773806,0.001023923,0.030484967,0.0,0.0,0.086056036,0.052266592,0.004886903,0.0,0.0,0.0,0.0,0.0,0.005212697,0.0,0.0,0.0,0.0,0.0,0.0,0.0,0.0,0.0,0.0,0.0,0.0,0.0,0.0
101,RPRC0530027,4,0.761065182,0.0,0.0,0.070607244,0.052091564,0.041241612,0.000176901,0.016463623,0.0,0.0,0.000224075,0.013503473,0.001863361,0.0,0.0,0.0,0.0,0.0,0.017595792,0.0,0.0,0.0,0.0,0.0,0.0,0.0,0.0,0.0,0.0,0.0,0.0,0.0,0.0
102,RPRC0530027,5,0.652292777,0.0,0.0,0.016564051,0.035448447,0.003239294,0.033197023,0.089069105,0.0,0.0,0.027223856,0.021227715,0.101474913,0.0,0.0,0.0,0.0,0.0,0.00062029,0.0,0.0,0.0,0.0,0.0,0.0,0.0,0.0,0.0,0.0,0.0,0.0,0.0,0.0
103,RPRC0530027,6,0.658105315,0.0,0.0,0.200683544,0.000347912,0.001084665,0.035732558,0.055195137,0.0,0.0,0.0,0.00026605,0.0,0.0,0.0,0.0,0.0,0.0,0.000122792,0.0,0.0,0.0,0.0,0.0,0.0,0.0,0.0,0.0,0.0,0.0,0.0,0.0,0.0
104,RPRC0530027,7,0.743854105,0.0,0.0,0.000294574,0.0,0.003508114,0.01226501,0.009560281,0.0,0.0,0.061378609,0.041909914,0.0,0.0,0.0,0.0,0.0,0.0,0.04102619,0.0,0.0,0.0,0.0,0.0,0.0,0.0,0.0,0.0,0.0,0.0,0.0,0.0,0.0
105,RPRC0530034,1,0.85762915,0.000958888,7.19e-05,0.107395421,0.000575333,0.0,0.014527149,0.002541052,0.0,0.0,0.0,0.001438332,0.0,0.0,0.0,0.0,0.0,0.0,0.0,0.00098286,0.0,0.0,0.0,0.0,0.0,0.0,0.0,0.0,0.0,0.0,0.0,0.0,0.0
106,RPRC0530034,2,0.849628844,0.009225875,0.028808766,0.106115235,0.0,0.0,0.0,0.00427713,0.0,0.0,0.0,0.0,0.0,0.0,0.0,0.0,0.0,0.0,0.0,0.00077766,0.0,0.0,0.0,0.0,0.0,0.0,0.0,0.0,0.0,0.0,0.0,0.0,0.0
107,RPRC0530034,3,0.913142599,7.52e-05,0.000150316,0.07821425,0.000425894,0.0,0.002229682,0.001177473,0.0,0.0,0.0,0.001427999,0.0,0.0,0.0,0.0,0.0,0.0,0.0,0.000150316,0.0,0.0,0.0,0.0,0.0,0.0,0.0,0.0,0.0,0.0,0.0,0.0,0.0
108,RPRC0530034,4,0.990394446,8.99e-05,2.25e-05,1.12e-05,0.0,0.0,0.0,0.0,0.0,0.0,0.008920246,0.0,0.0,0.0,0.0,0.0,0.0,0.0,0.0,0.0,0.0,0.0,0.0,0.0,0.0,0.0,0.0,0.0,0.0,0.0,0.0,0.0,0.0
109,RPRC0530034,5,0.908506782,5.09e-05,0.000112012,0.081483443,0.001435787,0.0,0.004541567,0.000834997,0.0,0.0,7.13e-05,0.000274938,0.0,0.0,0.0,0.0,0.0,0.0,0.0,0.000478596,0.0,0.0,0.0,0.0,0.0,0.0,0.0,0.0,0.0,0.0,0.0,0.0,0.0
110,RPRC0530034,6,0.952415778,0.00011129,0.000556448,0.025644287,0.0,0.0,0.0,0.008728279,0.0,0.0,4.77e-05,0.0,0.0,0.0,0.0,0.0,0.0,0.0,0.0,0.002988919,0.0,0.0,0.0,0.0,0.0,0.0,0.0,0.0,0.0,0.0,0.0,0.0,0.0
111,RPRC0530034,7,0.902391789,0.000137629,0.004846495,0.019110722,0.018953432,0.0,5.9e-05,0.026188768,0.0,0.0,0.003804449,0.009083491,0.0,0.0,0.0,0.0,0.0,0.0,0.0,6.88e-05,0.0,0.0,0.0,0.0,0.0,0.0,0.0,0.0,0.0,0.0,0.0,0.0,0.0
112,RPRC0530037,1,0.507082599,0.0,0.0,0.150145376,0.018247182,0.086695599,0.0,0.025451525,0.0,0.029476217,0.007247311,0.006803306,0.119723857,0.0,0.0,0.0,0.0,0.0,0.0,0.0,4.3e-05,0.0,0.0,0.0,0.0,0.0,0.0,0.0,0.0,0.0,0.0,0.0,0.0
113,RPRC0530037,2,0.534126772,0.0,0.0,0.057963284,0.088211762,0.025636752,0.0,0.038382895,0.0,0.027248078,0.100057785,0.058441125,0.006311953,0.0,0.0,0.0,0.0,0.0,0.0,0.0,1.11e-05,0.0,0.0,0.0,0.0,0.0,0.0,0.0,0.0,0.0,0.0,0.0,0.0
114,RPRC0530037,3,0.505602753,0.0,0.0,0.104020162,0.042477948,0.106418438,0.0,0.040675853,0.0,0.029754888,0.080823273,0.03750525,0.006056664,0.0,0.0,0.0,0.0,0.0,0.0,0.0,0.0,0.0,0.0,0.0,0.0,0.0,0.0,0.0,0.0,0.0,0.0,0.0,0.0
115,RPRC0530037,4,0.461066791,0.0,0.0,0.030382755,0.069167445,0.003479589,0.0,0.127790036,0.0,0.001930748,0.095115845,0.108949334,0.029194602,0.0,0.0,0.0,0.0,0.0,0.0,0.0,0.000275821,0.0,0.0,0.0,0.0,0.0,0.0,0.0,0.0,0.0,0.0,0.0,0.0
116,RPRC0530037,5,0.606937153,0.0,0.0,0.355675621,0.006065549,0.002726948,0.0,0.002650492,0.0,0.008282787,0.0,0.0,0.0,0.0,0.0,0.0,0.0,0.0,0.0,0.0,0.0,0.0,0.0,0.0,0.0,0.0,0.0,0.0,0.0,0.0,0.0,0.0,0.0
117,RPRC0530037,6,0.538131984,0.0,0.0,0.020104782,0.029653909,0.003819651,0.0,0.024776112,0.0,0.003587375,0.028647379,0.006477921,0.00082587,0.0,0.0,0.0,0.0,0.0,0.0,0.0,0.291093504,0.0,0.0,0.0,0.0,0.0,0.0,0.0,0.0,0.0,0.0,0.0,0.0
118,RPRC0530037,7,0.680677371,0.0,0.0,0.007826204,0.029618135,0.008365943,0.0,0.072797193,0.0,0.001956551,0.102820132,0.04560788,0.006139522,0.0,0.0,0.0,0.0,0.0,0.0,0.0,0.000809607,0.0,0.0,0.0,0.0,0.0,0.0,0.0,0.0,0.0,0.0,0.0,0.0
119,RPRC0530038,1,0.819326729,0.0,0.010390892,0.010522422,0.079057914,0.0,0.013013276,0.056434708,0.0,0.0,0.0,0.0,0.003559538,0.0,0.00319783,0.0,0.0,0.0,0.0,0.0,0.0,0.0,0.0,0.000353488,0.0,0.0,0.0,0.0,0.0,0.0,0.0,0.0,0.0
120,RPRC0530038,2,0.857995664,0.0,0.001605046,0.007321263,0.042040943,0.0,0.003181933,0.079407541,0.0,0.0,0.0,0.0,0.002337172,0.0,0.000422381,0.0,0.0,0.003012981,0.0,0.0,0.0,0.0,0.0,0.001773998,0.0,0.0,0.0,0.0,0.0,0.0,0.0,0.0,0.0
121,RPRC0530038,3,0.952553095,0.0,0.000950496,0.013945806,0.000202565,0.0,0.000124655,0.015971454,0.0,0.0,0.0,0.0,0.0,0.0,0.000124655,0.0,0.0,0.0,0.0,0.0,0.0,0.0,0.0,0.007635134,0.0,0.0,0.0,0.0,0.0,0.0,0.0,0.0,0.0
122,RPRC0530038,4,0.725401076,0.0,0.018819252,0.028572832,0.057735302,0.0,0.031029654,0.132766627,0.0,0.0,0.0,0.0,0.00041766,0.0,0.000466796,0.0,0.0,0.0,0.0,0.0,0.0,0.0,0.0,0.003586959,0.0,0.0,0.0,0.0,0.0,0.0,0.0,0.0,0.0
123,RPRC0530038,5,0.855018024,0.0,0.0055739,0.031989337,0.032928418,0.0,0.003968374,0.066553573,0.0,0.0,0.0,0.0,6.06e-05,0.0,0.000151465,0.0,0.0,9.09e-05,0.0,0.0,0.0,0.0,0.0,0.00175699,0.0,0.0,0.0,0.0,0.0,0.0,0.0,0.0,0.0
124,RPRC0530038,6,0.860082249,0.0,0.000485404,0.0602036,0.026063507,0.0,0.018350974,0.011366548,0.0,0.0,0.0,0.0,0.00973505,0.0,0.00039102,0.0,0.0,0.000256186,0.0,0.0,0.0,0.0,0.0,0.002211286,0.0,0.0,0.0,0.0,0.0,0.0,0.0,0.0,0.0
125,RPRC0530038,7,0.967913074,0.0,0.001367341,0.003956172,0.0,0.0,0.0,0.017921278,0.0,0.0,0.0,0.0,0.0,0.0,0.000401087,0.0,0.0,1.82e-05,0.0,0.0,0.0,0.0,0.0,0.004138484,0.0,0.0,0.0,0.0,0.0,0.0,0.0,0.0,0.0
126,RPRC0530046,1,0.927472809,0.0,0.0,0.062546385,0.0,0.0,0.0,0.000102367,0.0,0.004401791,0.0,0.0,0.0,0.0,0.0,0.0,0.0,0.0,0.0,0.0,0.0,0.0,0.0,0.0,0.0,0.0,0.0,0.0,0.0,0.0,0.0,0.0,0.0
127,RPRC0530046,2,0.901942287,0.0,0.0,0.014279622,0.0,0.0,0.0,0.053319204,0.0,0.000865823,0.0,0.0,0.0,0.0,0.0,0.0,0.0,2.58e-05,0.0,0.0,0.0,0.0,0.0,0.0,0.0,0.0,0.0,0.0,0.0,0.0,0.0,0.0,0.0
128,RPRC0530046,3,0.653129199,0.0,0.0,5.68e-05,0.0,0.0,0.0,0.11990689,0.0,0.128631177,0.0,0.0,0.0,0.0,0.0,0.0,0.0,0.068034292,0.0,0.0,0.0,0.0,0.0,0.0,0.000548816,0.000889461,0.00032172,9.46e-05,0.000113548,0.0,0.0,0.0,0.0
129,RPRC0530046,4,0.968276245,0.0,0.0,0.022393239,0.0,0.0,0.0,0.000339291,0.0,0.003069046,0.0,0.0,0.0,0.0,0.0,0.0,0.0,0.0,0.0,0.0,0.0,0.0,0.0,0.0,0.0,0.0,0.0,0.0,0.0,0.0,0.0,0.0,0.0
130,RPRC0530046,5,0.912497899,0.0,0.0,2.32e-05,0.0,0.0,0.0,0.052616021,0.0,0.016309923,0.0,0.0,0.0,0.0,0.0,0.0,0.0,0.006143752,0.0,0.0,0.0,0.0,0.0,0.0,0.000237636,0.000179676,4.06e-05,5.8e-05,9.85e-05,0.0,0.0,0.0,0.0
131,RPRC0530046,6,0.943644632,0.0,0.0,0.021255747,0.0,0.0,0.0,0.0001005,0.0,0.020602497,0.0,0.0,0.0,0.0,0.0,0.0,0.0,0.0,0.0,0.0,0.0,0.0,0.0,0.0,0.0,0.0,0.0,0.0,0.0,0.0,0.0,0.0,0.0
132,RPRC0530046,7,0.285864934,0.0,0.0,0.000105454,0.0,0.0,0.0,0.0,0.0,0.000295271,0.0,0.0,0.0,0.0,0.0,0.0,0.0,0.0,0.0,0.0,0.0,0.0,0.0,0.0,0.207048551,0.183637744,0.094423588,0.074534947,0.071877505,0.0,0.0,0.0,0.0
133,RPRC0530053,1,0.954528158,0.0,0.0,0.0,0.0,0.0,0.0,0.0,0.0,0.0,0.0,0.0,0.0,0.0,0.0,0.0,0.0,0.0,0.0,0.0,0.0,0.0,0.0,0.0,0.0,0.0,0.0,0.0,0.0,0.0,0.0,0.0,0.0
134,RPRC0530053,2,0.680386978,0.0,0.0,0.129210315,0.02661958,0.012938837,0.002344422,0.107991809,0.0,0.0,0.0,0.0,0.0,0.0,0.0,0.0,0.0,0.0,0.006439742,0.0,0.000445143,0.0,0.0,0.0,0.0,0.0,0.0,0.0,0.0,0.0,0.0,0.0,0.0
135,RPRC0530053,3,0.690542428,0.0,0.0,0.068027752,0.043591811,0.035541122,0.004405737,0.039288269,0.0,0.0,0.06424654,0.0,0.016691837,0.0,0.0,0.0,0.0,0.0,0.005246006,0.0,0.000533685,0.0,0.0,0.0,0.0,0.0,0.0,0.0,0.0,0.0,0.0,0.0,0.0
136,RPRC0530053,4,0.429932774,0.0,0.0,0.062009666,0.121034544,0.007749497,0.094472665,0.163615702,0.0,0.0,0.004395033,0.0,0.048975177,0.0,0.0,0.0,0.0,0.0,0.001903145,0.0,0.000205375,0.0,0.0,0.0,0.0,0.0,0.0,0.0,0.0,0.0,0.0,0.0,0.0
137,RPRC0530053,5,0.913274239,0.0,0.0,0.066462391,0.0,0.000966659,1.82e-05,0.005033924,0.0,0.0,0.0,0.0,0.0,0.0,0.0,0.0,0.0,0.0,0.001313198,0.0,0.0,0.0,0.0,0.0,0.0,0.0,0.0,0.0,0.0,0.0,0.0,0.0,0.0
138,RPRC0530053,6,0.808810703,0.0,0.0,0.016400336,1.56e-05,0.000428309,0.0,0.140625487,0.0,0.0,0.0,0.0,0.0,0.0,0.0,0.0,0.0,0.0,0.001861197,0.0,7.79e-05,0.0,0.0,0.0,0.0,0.0,0.0,0.0,0.0,0.0,0.0,0.0,0.0
139,RPRC0530053,7,0.83621366,0.0,0.0,0.041222248,0.004092538,0.00144193,0.0,0.041179838,0.0,0.0,0.0,0.0,0.0,0.0,0.0,0.0,0.0,0.0,0.049089251,0.0,0.0,0.0,0.0,0.0,0.0,0.0,0.0,0.0,0.0,0.0,0.0,0.0,0.0
140,RPRC0530056,1,0.999135615,0.0,0.0,0.000677491,0.0,0.0,0.0,0.0,0.0,0.0,0.0,0.0,0.0,0.0,0.0,0.0,0.0,0.0,0.0,0.0,0.0,0.0,0.0,0.0,0.0,0.0,0.0,0.0,0.0,0.0,0.0,0.0,0.0
141,RPRC0530056,2,0.524248263,0.000210502,0.0,0.042974885,0.058568259,0.0,0.034295707,0.063895591,0.0,0.0,0.185112619,0.036028304,0.0,0.0,0.0,0.0,0.0,0.0,0.003853814,0.0,0.015334294,0.0,0.0,0.0,0.0,0.0,0.0,0.0,0.0,0.0,0.0,0.0,0.0
142,RPRC0530056,3,0.221195277,0.000493372,0.0,0.009867447,0.001480117,0.0,0.000328915,0.001348551,0.0,0.0,0.000789396,0.000263132,0.0,0.0,0.0,0.0,0.0,0.0,0.00023024,0.0,0.632371805,0.0,0.0,0.0,0.0,0.0,0.0,0.0,0.0,0.0,0.0,0.0,0.0
143,RPRC0530056,4,0.882158316,0.0,0.0,0.025225136,0.034578835,0.0,0.004527588,0.024578337,0.0,0.0,0.008358625,0.005895816,0.0,0.0,0.0,0.0,0.0,0.0,0.002263794,0.0,0.0,0.0,0.0,0.0,0.0,0.0,0.0,0.0,0.0,0.0,0.0,0.0,0.0
144,RPRC0530056,5,0.152577163,0.357685875,0.0,0.0631747,0.022350616,0.0,0.000456135,0.000836248,0.0,0.0,0.0,0.0,0.0,0.0,0.0,0.0,0.0,0.0,0.085221225,0.0,7.6e-05,0.0,0.0,0.0,0.0,0.0,0.0,0.0,0.0,0.0,0.0,0.0,0.0
145,RPRC0530056,6,0.723861154,0.000315798,0.0,0.065817522,0.058159425,0.0,0.042527435,0.036369378,0.0,0.0,0.01473723,0.038106266,0.0,0.0,0.0,0.0,0.0,0.0,0.001000026,0.0,0.0,0.0,0.0,0.0,0.0,0.0,0.0,0.0,0.0,0.0,0.0,0.0,0.0
146,RPRC0530056,7,0.372539709,0.0,0.0,0.111422398,0.056886441,0.0,0.072176452,0.047152117,0.0,0.0,0.09290344,0.059901707,0.0,0.0,0.0,0.0,0.0,0.0,0.048362972,0.0,9.5e-05,0.0,0.0,0.0,0.0,0.0,0.0,0.0,0.0,0.0,0.0,0.0,0.0
147,RPRC0530072,1,0.999897463,0.0,0.0,7.6e-06,1.14e-05,1.9e-05,0.0,3.8e-06,0.0,0.0,0.0,0.0,0.0,0.0,0.0,0.0,0.0,0.0,0.0,0.0,0.0,0.0,0.0,0.0,0.0,0.0,0.0,0.0,0.0,0.0,0.0,0.0,0.0
148,RPRC0530072,2,0.8869968,0.0,0.0,0.045262862,0.009317643,0.006760646,0.0,0.021299383,0.001593103,0.003507504,0.001057606,0.0,0.0,0.0,0.0,0.0,0.0,0.0,0.015944415,0.0,0.0,0.0,0.0,0.0,0.0,0.0,0.0,0.0,0.0,0.001151318,0.0,0.0,0.0
149,RPRC0530072,3,0.947748464,0.0,0.0,0.019879696,0.003847683,0.000949095,0.0,0.005553489,0.0,0.000371943,0.00011543,0.0,0.0,0.0,0.0,0.0,0.0,0.0,0.0,0.0,0.0,0.0,0.0,0.0,0.0,0.0,0.0,0.0,0.0,0.00598956,0.0,0.0,0.0
150,RPRC0530072,4,0.645592375,0.0,0.0,0.199063867,0.022691042,0.080453142,0.0,0.001119289,0.00868297,0.016178815,0.0,0.0,0.0,0.0,0.0,0.0,0.0,0.0,0.014381169,0.0,0.0,0.0,0.0,0.0,0.0,0.0,0.0,0.0,0.0,0.0,0.0,0.0,0.0
151,RPRC0530072,5,0.805996606,0.0,0.0,0.116914954,0.009240053,0.034961343,0.0,0.004261739,0.00569489,0.002828588,0.0,0.0,0.0,0.0,0.0,0.0,0.0,0.0,0.003507449,0.0,0.0,0.0,0.0,0.0,0.0,0.0,0.0,0.0,0.0,0.002526872,0.0,0.0,0.0
152,RPRC0530072,6,0.827740646,0.0,0.0,0.058912699,0.016031604,0.017478582,0.0,0.003582995,0.001791497,0.004639519,0.011552861,0.0,0.0,0.0,0.0,0.0,0.0,0.0,0.000734973,0.0,0.0,0.0,0.0,0.0,0.0,0.0,0.0,0.0,0.0,0.044029491,0.0,0.0,0.0
153,RPRC0530072,7,0.867094654,0.0,0.0,0.067740131,0.030817449,0.005382859,0.0,0.002306939,0.000128163,0.004439111,0.0,0.0,0.0,0.0,0.0,0.0,0.0,0.0,0.005312951,0.0,0.0,0.0,0.0,0.0,0.0,0.0,0.0,0.0,0.0,0.012979447,0.0,0.0,0.0
154,RPRC0530074,1,0.731226567,0.0,0.0,0.094547402,0.095404392,0.005377611,0.00122121,0.023310123,0.0,0.016132833,0.000835565,0.005741832,0.008784146,0.0,0.0,0.0,0.0,0.0,0.0,0.0,0.0,0.0,0.0,0.0,0.0,0.0,0.0,0.0,0.0,0.0,0.0,0.0,0.0
155,RPRC0530074,2,0.798369736,0.0,0.0,0.0,2.42e-05,7.26e-05,0.0,0.021164405,0.0,0.0,0.180030477,4.84e-05,0.0,0.0,0.0,0.0,0.0,0.0,0.0,0.0,0.0,0.0,0.0,0.0,0.0,0.0,0.0,0.0,0.0,0.0,0.0,0.0,0.0
156,RPRC0530074,3,0.709080107,0.0,0.0,0.047050863,0.053982242,0.000214543,0.148116975,0.024243324,0.0,0.000231046,0.000693138,0.00562762,0.000528105,0.0,0.0,0.0,0.0,0.0,0.0,0.0,0.0,0.0,0.0,0.0,0.0,0.0,0.0,0.0,0.0,0.0,0.0,0.0,0.0
157,RPRC0530074,4,0.728235347,0.0,0.0,0.07006284,0.044792808,0.013976787,0.00422658,0.060949974,0.0,0.007033119,0.000380169,0.035064964,0.017029318,0.0,0.0,0.0,0.0,0.0,0.0,0.0,0.0,0.0,0.0,0.0,0.0,0.0,0.0,0.0,0.0,0.0,0.0,0.0,0.0
158,RPRC0530074,5,0.876107726,0.0,0.0,0.03958968,0.022996861,0.000369242,0.002157759,0.026793132,0.0,0.000184621,0.0,0.027854703,0.000173082,0.0,0.0,0.0,0.0,0.0,0.0,0.0,0.0,0.0,0.0,0.0,0.0,0.0,0.0,0.0,0.0,0.0,0.0,0.0,0.0
159,RPRC0530074,6,0.818784844,0.0,0.0,0.056052159,0.040291033,0.001133894,0.023263725,0.032882925,0.0,0.002967023,0.00064254,0.010715298,0.003836341,0.0,0.0,0.0,0.0,0.0,0.0,0.0,0.0,0.0,0.0,0.0,0.0,0.0,0.0,0.0,0.0,0.0,0.0,0.0,0.0
160,RPRC0530074,7,0.360404645,0.0,0.0,0.160504381,0.033292964,0.073187528,0.054261357,0.115456769,0.0,0.063356368,0.068746883,0.029635962,0.011422194,0.0,0.0,0.0,0.0,0.0,0.0,0.0,0.0,0.0,0.0,0.0,0.0,0.0,0.0,0.0,0.0,0.0,0.0,0.0,0.0
161,RPRC0530076,1,0.72214915,0.0,0.0,0.059511106,0.111502668,0.010820201,0.00147661,0.043169128,0.0,0.009095421,0.016279935,0.0,0.006700583,0.0,0.0,0.0,0.0,0.0,0.003002854,0.0,0.0,0.0,0.0,0.0,0.0,0.0,0.0,0.0,0.0,0.0,0.0,0.0,0.0
162,RPRC0530076,2,0.642866283,0.0,0.0,0.039411388,0.107460013,0.002431222,0.006551504,0.068816379,0.0,0.007754319,0.068560461,0.0,0.003480486,0.0,0.0,0.0,0.0,0.0,0.005118362,0.0,0.0,0.0,0.0,0.0,0.0,0.0,0.0,0.0,0.0,0.0,0.0,0.0,0.0
163,RPRC0530076,3,0.828474063,0.0,0.0,0.08900756,0.030800768,0.006306389,0.00118816,0.021700244,0.0,0.01256055,0.0,0.0,0.000235021,0.0,0.0,0.0,0.0,0.0,0.0,0.0,0.0,0.0,0.0,0.0,0.0,0.0,0.0,0.0,0.0,0.0,0.0,0.0,0.0
164,RPRC0530076,4,0.690439594,0.0,0.0,0.091124676,0.109042203,0.010386017,0.002810592,0.040885337,0.0,0.014492117,0.017895569,0.0,0.005269861,0.0,0.0,0.0,0.0,0.0,0.008278073,0.0,0.0,0.0,0.0,0.0,0.0,0.0,0.0,0.0,0.0,0.0,0.0,0.0,0.0
165,RPRC0530076,5,0.919498671,0.0,0.0,0.010619066,0.0,0.0,0.0,0.058306115,0.0,0.005165211,0.0,0.0,0.0,0.0,0.0,0.0,0.0,0.0,0.0,0.0,0.0,0.0,0.0,0.0,0.0,0.0,0.0,0.0,0.0,0.0,0.0,0.0,0.0
166,RPRC0530076,6,0.636533301,0.0,0.0,0.052951353,0.087566581,0.018322503,0.002111515,0.039342297,0.0,0.015979403,0.046235373,0.0,0.022041495,0.0,0.0,0.0,0.0,0.0,0.021360361,0.0,0.0,0.0,0.0,0.0,0.0,0.0,0.0,0.0,0.0,0.0,0.0,0.0,0.0
167,RPRC0530076,7,0.839804448,0.0,0.0,0.009160229,0.111641333,0.002277543,0.000800894,0.024118599,0.0,0.001243055,0.0,0.0,0.000400447,0.0,0.0,0.0,0.0,0.0,8.34e-06,0.0,0.0,0.0,0.0,0.0,0.0,0.0,0.0,0.0,0.0,0.0,0.0,0.0,0.0
168,RPRC0540001,1,0.000256822,0.620144462,0.0,1.61e-05,0.0,0.0,0.0,3.21e-05,0.0,0.0,0.0,0.0,0.0,0.0,0.0,0.0,0.0,0.0,0.0,0.0,0.0,0.0,0.0,0.315569823,0.0,0.0,0.0,0.0,0.0,0.0,0.060048154,0.0,0.0
169,RPRC0540001,2,0.577806941,2.83e-05,0.0,0.061803693,0.017400582,0.001369009,0.0,0.034244118,0.0,0.0,0.0,0.072595264,0.217445901,0.0,0.0,0.0,0.0,0.0,0.0,0.0,0.0,0.0,0.0,3.78e-05,0.0,0.0,0.0,0.0,0.0,0.0,0.0,0.0,0.0
170,RPRC0540001,3,0.518955664,0.0,0.0,0.092257125,0.049153998,0.012475255,0.0,0.036604041,0.0,0.0,0.0,0.139095357,0.083218168,0.0,0.0,0.0,0.0,0.0,0.0,0.0,0.0,0.0,0.0,0.000672319,0.0,0.0,0.0,0.0,0.0,0.0,0.0,0.0,0.0
171,RPRC0540001,4,0.98979071,0.0,0.0,0.000155975,0.0,2.84e-05,0.0,0.003020248,0.0,0.0,0.0,0.0,0.0,0.0,0.0,0.0,0.0,0.0,0.0,0.0,0.0,0.0,0.0,0.002197833,0.0,0.0,0.0,0.0,0.0,0.0,0.0,0.0,0.0
172,RPRC0540001,5,0.630818295,2.53e-05,0.0,0.194689818,0.023792047,0.009010605,0.0,0.03419474,0.0,0.0,0.0,0.007011061,0.007643828,0.0,0.0,0.0,0.0,0.0,0.0,0.0,0.0,0.0,0.0,0.000177175,0.0,0.0,0.0,0.0,0.0,0.0,0.0,0.0,0.0
173,RPRC0540001,6,0.297082492,0.000529854,0.0,0.207338477,0.027188131,0.138589926,0.0,0.007980925,0.0,0.0,0.0,0.000430506,0.154253734,0.0,0.0,0.0,0.0,0.0,0.0,0.0,0.0,0.0,0.0,3.31e-05,0.0,0.0,0.0,0.0,0.0,0.0,0.0,0.0,0.0
174,RPRC0540001,7,0.988274971,4.31e-05,0.0,0.0,0.0,0.0,0.0,0.009687141,0.0,0.0,0.0,0.0,0.0,0.0,0.0,0.0,0.0,0.0,0.0,0.0,0.0,0.0,0.0,0.001707807,0.0,0.0,0.0,0.0,0.0,0.0,0.0,0.0,0.0
175,RPRC0540005,1,0.000651449,0.506927915,0.0,0.0,0.0,0.0,0.0,0.0,0.0,0.0,0.0,0.0,0.0,0.380220992,0.0,0.0,0.0,0.0,0.0,0.0,0.0,0.0,0.0,0.0,0.0,0.0,0.0,0.0,0.0,0.0,0.0,0.0,0.0
176,RPRC0540005,2,0.0003053,0.337709307,0.0,0.0,4.7e-05,0.0,0.0,0.0,0.0,0.0,0.0,0.0,0.00100984,0.024001315,0.0,0.0,0.0,0.0,0.0,0.0,0.0,0.0,0.0,0.0,0.0,0.0,0.0,0.0,0.0,0.0,0.0,0.628167493,0.0
177,RPRC0540005,3,0.598618237,0.0,0.0,0.036934468,0.052821828,0.0,0.082789179,0.0,0.0,0.0,0.0,0.0,0.042604361,0.0,0.0,0.0,0.001428405,0.0,0.0,0.0,0.0,0.0,0.0,0.0,0.0,0.0,0.0,0.0,0.0,0.0,0.0,0.0,0.0
178,RPRC0540005,4,0.737405668,0.0,0.0,0.105449925,0.015062061,0.0,0.021973254,0.0,0.0,0.0,0.0,0.0,0.017479429,0.0,0.0,0.0,0.000883269,0.0,0.0,0.0,0.0,0.0,0.0,0.0,0.0,0.0,0.0,0.0,0.0,0.0,0.0,0.0,0.0
179,RPRC0540005,5,0.000384172,0.997060248,0.0,3.34e-05,0.0,0.0,0.0,0.0,0.0,0.0,0.0,0.0,0.0,0.0,0.0,0.0,0.0,0.0,0.0,0.0,0.0,0.0,0.0,0.0,0.0,0.0,0.0,0.0,0.0,0.0,0.0,0.0,0.0
180,RPRC0540005,6,0.565145684,0.0,0.0,0.0754778,0.128092358,0.0,0.13869935,0.0,0.0,0.0,0.0,0.0,0.002554733,0.0,0.0,0.0,0.0,0.0,0.0,0.0,0.0,0.0,0.0,0.0,0.0,0.0,0.0,0.0,0.0,0.0,0.0,0.0,0.0
181,RPRC0540005,7,0.945198829,0.036543922,0.0,0.0,0.0,0.0,0.0,0.0,0.0,0.0,0.0,0.0,0.0,0.000470775,0.0,0.0,0.00085328,0.0,0.0,0.0,0.0,0.0,0.0,0.0,0.0,0.0,0.0,0.0,0.0,0.0,0.0,0.000294234,0.0
182,RPRC0540006,1,0.374530663,0.000187735,0.000375469,0.178488736,0.0,0.140988736,0.008760951,0.003660826,0.0,0.0,0.0,0.0,0.128817272,0.0,0.0,0.0,0.0,0.0,0.060309762,0.0,0.0,0.0,0.0,0.0,0.0,0.0,0.0,0.0,0.0,0.0,0.0,0.0,0.0
183,RPRC0540006,2,0.926227356,0.013651877,0.053838653,0.0,0.0,0.0,0.0,0.0,0.0,0.0,0.0,0.0,0.0,0.0,0.0,0.003769268,0.0,0.0,0.0,0.0,0.0,0.0,0.0,0.0,0.0,0.0,0.0,0.0,0.0,0.0,0.0,0.0,0.0
184,RPRC0540006,3,0.893424346,0.0,0.001289344,0.029230186,0.0,0.000318544,0.006386045,0.024725066,0.0,0.0,0.0,0.0,0.021357603,0.0,0.0,0.0,0.0,0.0,0.0,0.0,0.0,0.0,0.0,0.0,0.0,0.0,0.0,0.0,0.0,0.0,0.0,0.0,0.0
185,RPRC0540006,4,0.760360804,0.0,0.000650572,0.095511051,0.0,0.013327941,0.04059923,0.015103828,0.0,0.0,0.0,0.0,0.019499587,0.0,0.0,3.52e-05,0.0,0.0,0.0,0.0,0.0,0.0,0.0,0.0,0.0,0.0,0.0,0.0,0.0,0.0,0.0,0.0,0.0
186,RPRC0540006,5,0.615571833,2.34e-05,0.015234841,0.1067609,0.0,0.011162856,0.137230582,0.063443402,0.0,0.0,0.0,0.0,0.001778568,0.0,0.0,0.0,0.0,0.0,0.002972081,0.0,0.0,0.0,0.0,0.0,0.0,0.0,0.0,0.0,0.0,0.0,0.0,0.0,0.0
187,RPRC0540006,6,0.00628897,0.887336057,0.06772737,0.000268759,0.0,0.0,0.0,0.0,0.0,0.0,0.0,0.0,0.0,0.0,0.0,5.38e-05,0.0,0.0,0.0,0.0,0.0,0.0,0.0,0.0,0.0,0.0,0.0,0.0,0.0,0.0,0.0,0.0,0.0
188,RPRC0540006,7,0.473120016,0.05561724,0.389421621,0.0,0.0,0.0,0.0,0.0,0.0,0.0,0.0,0.0,0.0,0.0,0.0,0.080589482,0.0,0.0,0.0,0.0,0.0,0.0,0.0,0.0,0.0,0.0,0.0,0.0,0.0,0.0,0.0,0.0,0.0
189,RPRC0540007,1,0.139459599,0.356137776,0.0,2.16e-05,0.0,2.16e-05,0.0,0.0,0.0,0.0,0.487720131,0.0,0.0,0.0,0.0,0.0,0.0,0.0,4.32e-05,0.0,0.0,0.0,0.0,0.0,0.0,0.0,0.0,0.0,0.0,0.0,0.0,0.0,0.0
190,RPRC0540007,2,0.665654291,1.75e-05,0.0,0.016390009,0.061719991,0.005288789,0.0,0.046045627,0.0,0.0,0.054615908,0.029620708,0.006231345,0.0,0.0,0.0,0.0,0.0,0.003909864,0.0,0.0,0.0,0.0,0.0,0.0,0.0,0.0,0.0,0.0,0.0,0.0,0.0,0.0
191,RPRC0540007,3,0.297379674,0.000399485,0.0,0.158018554,0.029857813,0.076863894,0.0,0.009262136,0.0,0.0,0.000369894,0.005415243,0.195644133,0.0,0.0,0.0,0.0,0.0,0.070664477,0.0,0.0,0.0,0.0,0.0,0.0,0.0,0.0,0.0,0.0,0.0,0.0,0.0,0.0
192,RPRC0540007,4,0.35387517,4.39e-05,0.0,0.108952147,0.056581429,0.032325979,0.0,0.029124084,0.0,0.0,0.022632572,0.037457783,0.122329927,0.0,0.0,0.0,0.0,0.0,0.010395193,0.0,0.0,0.0,0.0,0.0,0.0,0.0,0.0,0.0,0.0,0.0,0.0,0.0,0.0
193,RPRC0540007,5,0.629197664,2.96e-05,0.0,0.014167581,0.124751771,0.001985832,0.0,0.064109784,0.0,0.0,0.024422775,0.047363585,0.00290465,0.0,0.0,0.0,0.0,0.0,0.000785441,0.0,0.0,0.0,0.0,0.0,0.0,0.0,0.0,0.0,0.0,0.0,0.0,0.0,0.0
194,RPRC0540007,6,0.705017583,0.019432259,0.0,1.81e-05,0.030870464,0.0,0.0,0.0,0.0,0.0,0.112587463,0.126255302,0.0,0.0,0.0,0.0,0.0,0.0,0.0,0.0,0.0,0.0,0.0,0.0,0.0,0.0,0.0,0.0,0.0,0.0,0.0,0.0,0.0
195,RPRC0540007,7,0.530619407,0.0,0.0,0.120956893,0.0,0.07782067,0.0,0.0,0.0,0.0,0.0,0.0,0.0,0.0,0.0,0.0,0.0,0.0,0.0,0.0,0.0,0.0,0.0,0.0,0.0,0.0,0.0,0.0,0.0,0.0,0.0,0.0,0.0
196,RPRC0540012,1,0.76162102,0.0,0.006439546,0.082965932,0.0,0.0,0.053912269,0.057902472,0.0,0.016263638,0.0,0.0,0.0,0.0,0.0,8.91e-06,0.0,0.0,0.0,0.001140058,0.0,0.0,0.0,0.0,0.0,0.0,0.0,0.0,0.0,0.0,0.0,0.0,0.0
197,RPRC0540012,2,0.231877832,1.95e-05,0.0,0.159896891,0.0,0.0,0.0,0.000175754,0.0,0.0,0.0,0.0,0.0,0.0,0.0,0.0,0.0,0.0,0.0,0.604749258,0.0,0.0,0.0,0.0,0.0,1.95e-05,0.0,0.0,0.0,0.0,0.0,0.0,0.0
198,RPRC0540012,3,0.994090991,9.06e-05,0.000308138,5.44e-05,0.0,0.0,0.0,0.0,0.0,1.81e-05,0.0,0.0,0.0,0.0,0.0,0.0,0.0,0.0,0.0,0.0,0.0,0.0,0.0,0.0,0.0,0.001395686,0.0,0.0,0.0,0.0,0.0,0.0,0.0
199,RPRC0540012,4,0.000578949,0.240534177,0.585182755,0.0,0.0,0.0,0.0,0.0,0.0,0.0,0.0,0.0,0.0,0.0,0.0,0.0,0.0,0.0,0.0,0.0,0.0,0.0,0.0,0.0,0.0,0.04668262,0.0,0.0,0.0,0.0,0.0,0.0,0.0
200,RPRC0540012,5,0.754175648,0.00093503,0.013956556,0.070353638,0.0,0.0,0.0,0.07454651,0.0,0.001082667,0.0,0.0,0.0,0.0,0.0,0.0,0.0,0.0,0.0,0.000570861,0.0,0.0,0.0,0.0,0.0,0.0,0.0,0.0,0.0,0.0,0.0,0.0,0.0
201,RPRC0540012,6,0.80238442,2.47e-05,0.001419298,0.058450374,0.0,0.0,0.016217017,0.040986844,0.0,7.41e-05,0.0,0.0,0.0,0.0,0.0,0.0,0.0,0.0,0.0,1.23e-05,0.0,0.0,0.0,0.0,0.0,0.0,0.0,0.0,0.0,0.0,0.0,0.0,0.0
202,RPRC0540012,7,0.947587089,0.015599081,0.00088268,3.04e-05,0.0,0.0,0.0,0.0,0.0,0.029006681,0.0,0.0,0.0,0.0,0.0,0.000791368,0.0,0.0,0.0,0.0,0.0,0.0,0.0,0.0,0.0,0.000760931,0.0,0.0,0.0,0.0,0.0,0.0,0.0
203,RPRC0540013,1,0.994984731,0.000312061,0.0,0.0,0.0,0.0,0.0,0.0,0.0,1.11e-05,0.0,0.0,0.0,0.0,0.0,0.000590687,0.0,0.0,0.0,0.0,0.0,0.0,0.0,0.0,0.0,0.0,0.0,0.0,0.0,0.0,0.0,0.0,0.0
204,RPRC0540013,2,0.437542589,0.000440923,0.0,0.12295071,0.020656574,0.088238045,0.014550459,0.012145424,0.0,0.113530992,0.0,0.0,0.112114693,0.0,0.0,6.68e-05,0.0,0.0,0.0,0.0,0.0,0.0,0.0,0.0,0.0,0.0,0.0,0.0,0.0,0.0,0.0,0.0,0.0
205,RPRC0540013,3,0.726060585,6.01e-05,0.0,0.071092287,0.023952302,0.010008763,0.043230983,0.026881905,0.0,0.019029537,0.0,0.0,0.036340831,0.0,0.0,0.0,0.0,0.0,0.0,0.0,0.0,0.0,0.0,0.0,0.0,0.0,0.0,0.0,0.0,0.0,0.0,0.0,0.0
206,RPRC0540013,4,0.832377375,0.013002962,0.0,0.003900889,4.33e-05,0.0,0.0,0.0,0.0,0.007151629,0.0,0.0,0.0,0.0,0.0,0.076645236,0.0,0.0,0.0,0.0,0.0,0.0,0.0,0.0,0.0,0.0,0.0,0.0,0.0,0.0,0.0,0.0,0.0
207,RPRC0540013,5,0.770931001,0.0,0.0,0.031801266,0.094437195,0.00491357,0.031092423,0.049876758,0.0,0.001063264,0.0,0.0,0.002223189,0.0,0.0,1.61e-05,0.0,0.0,0.0,0.0,0.0,0.0,0.0,0.0,0.0,0.0,0.0,0.0,0.0,0.0,0.0,0.0,0.0
208,RPRC0540013,6,0.945640811,0.016098683,0.0,0.0,0.0,0.0,0.0,0.0,0.0,0.0,0.0,0.0,0.0,0.0,0.0,0.028078612,0.0,0.0,0.0,0.0,0.0,0.0,0.0,0.0,0.0,0.0,0.0,0.0,0.0,0.0,0.0,0.0,0.0
209,RPRC0540013,7,0.36840025,6.59e-05,0.0,0.062053292,0.033398109,0.006916768,0.233786766,0.046243536,0.0,0.014426402,0.0,0.0,0.141464379,0.0,0.0,0.0,0.0,0.0,0.0,0.0,0.0,0.0,0.0,0.0,0.0,0.0,0.0,0.0,0.0,0.0,0.0,0.0,0.0
210,RPRC0540015,1,0.001509785,0.057110505,0.387695256,0.0,0.0,0.0,0.0,0.0,0.0,0.0,0.0,0.0,0.0,0.0,0.0,0.118227745,0.360838511,0.0098136,0.0,0.007636026,0.0,0.0,0.0,0.0,0.0,0.0,0.0,0.0,0.0,0.0,0.0,0.0,0.0
211,RPRC0540015,2,0.79069622,0.0,0.000531466,0.133648045,0.019539188,0.011723513,0.0,0.0,0.0,0.0,0.0,0.0,0.0,0.0,0.0,0.0,0.0,0.0,0.0,0.0,0.0,0.0,0.0,0.0,0.0,0.0,0.0,0.0,0.0,0.0,0.0,0.0,0.0
212,RPRC0540015,3,0.829542,0.0,0.000607964,0.104696524,0.012463269,0.010842031,0.0,0.0,0.0,0.0,0.0,0.0,0.0,0.0,0.0,0.0,0.0,0.000354646,0.0,0.0,0.0,0.0,0.0,0.0,0.0,0.0,0.0,0.0,0.0,0.0,0.0,0.0,0.0
213,RPRC0540015,4,4.44e-05,0.993826521,0.001569278,0.0,0.0,0.0,0.0,0.0,0.0,0.0,0.0,0.0,0.0,0.0,0.0,0.0,0.0,0.0,0.0,0.0,0.0,0.0,0.0,0.0,0.0,0.0,0.0,0.0,0.0,0.0,0.0,0.0,0.0
214,RPRC0540015,5,0.002927501,0.02111245,0.40637162,0.00027553,0.000241088,0.000137765,0.0,0.0,0.0,0.0,0.0,0.0,0.0,0.0,0.0,0.357843981,0.198760117,0.0,0.0,0.0,0.0,0.0,0.0,0.0,0.0,0.0,0.0,0.0,0.0,0.0,0.0,0.0,0.0
215,RPRC0540015,6,0.822316461,1.3e-05,0.000544683,0.072663373,0.025392626,0.004772465,0.0,0.0,0.0,0.0,0.0,0.0,0.0,0.0,0.0,0.0,1.3e-05,9.08e-05,0.0,0.0,0.0,0.0,0.0,0.0,0.0,0.0,0.0,0.0,0.0,0.0,0.0,0.0,0.0
216,RPRC0540015,7,0.898619186,0.0,0.001470792,0.004983389,0.051200858,6.92e-05,0.0,0.0,0.0,0.0,0.0,0.0,0.0,0.0,0.0,0.0,0.0,0.000103821,0.0,0.0,0.0,0.0,0.0,0.0,0.0,0.0,0.0,0.0,0.0,0.0,0.0,0.0,0.0
217,RPRC0540017,1,0.97533776,0.017197161,0.002015113,0.0,0.0,0.0,0.0,0.0,0.0,0.0,0.0,0.0,0.0,0.0,0.0,0.0,0.0,0.0,0.0,0.0,0.0,0.0,0.0,0.0,0.0,0.0,0.0,0.0,0.0,0.0,0.0,0.0,0.0
218,RPRC0540017,2,0.502650231,3.08e-05,0.002650231,0.103636364,0.015192604,0.0,0.142742681,0.011525424,0.0,0.0,0.000493066,0.0,0.116610169,0.0,0.0,0.0,0.0,0.0,0.0,0.0,0.0,0.0,0.0,0.0,0.0,0.0,0.0,0.0,0.0,0.0,0.0,0.0,0.0
219,RPRC0540017,3,0.539980106,7.65e-05,0.001989441,0.143966639,0.01304614,0.0,0.054327033,0.025518402,0.0,0.0,0.000306068,0.0,0.118830821,0.0,0.0,0.0,0.0,0.0,0.0,0.0,0.0,0.0,0.0,0.0,0.0,0.0,0.0,0.0,0.0,0.0,0.0,0.0,0.0
220,RPRC0540017,4,0.742669575,0.0,0.000360267,0.08686428,0.082561095,0.0,0.005383984,0.020875448,0.0,0.0,0.017552989,0.0,0.001561155,0.0,0.0,0.0,0.0,0.0,0.0,0.0,0.0,0.0,0.0,0.0,0.0,0.0,0.0,0.0,0.0,0.0,0.0,0.0,0.0
221,RPRC0540017,5,0.644127511,6.78e-05,0.005030658,0.00973949,0.089162912,0.0,0.001016295,0.155950405,0.0,0.0,0.052864257,0.0,0.000897727,0.0,0.0,0.0,0.0,0.0,0.0,0.0,0.0,0.0,0.0,0.0,0.0,0.0,0.0,0.0,0.0,0.0,0.0,0.0,0.0
222,RPRC0540017,6,0.723486122,0.0,0.000709776,0.037001756,0.041503231,0.0,0.000579028,0.058687288,0.0,0.0,0.087003624,0.0,0.004538832,0.0,0.0,0.0,0.0,0.0,0.0,0.0,0.0,0.0,0.0,0.0,0.0,0.0,0.0,0.0,0.0,0.0,0.0,0.0,0.0
223,RPRC0540017,7,0.845759667,0.001347434,0.000673717,0.0,0.0,0.0,0.0,0.0,0.0,0.0,0.0,0.0,0.0,0.0,0.0,0.151137152,0.0,0.0,0.0,0.0,0.0,0.0,0.0,0.0,0.0,0.0,0.0,0.0,0.0,0.0,0.0,0.0,0.0
224,RPRC0540018,1,0.0,0.699172918,0.026262447,0.0,0.0,0.000162753,0.0,0.0,0.0,0.0,0.0,0.0,0.0,0.0,0.0,0.0,0.0,0.0,0.0,0.0,0.0,0.0,0.0,0.0,0.0,0.048337698,0.0,0.0,0.0,0.0,0.0,0.0,0.092813707
225,RPRC0540018,2,0.917727332,0.0,9.37e-05,0.038577614,0.02052599,0.000318668,0.0,0.0,0.0,0.000337414,0.0,0.0,0.0,0.0,0.0,0.0,0.0,0.0,0.0,0.000224942,0.0,0.0,0.0,0.0,0.0,0.0,0.0,0.0,0.0,0.0,0.0,0.0,0.0
226,RPRC0540018,3,0.810998333,0.00090713,0.000514857,0.125649701,0.001176817,0.04648426,0.0,0.0,0.0,0.004388546,0.0,0.0,0.0,0.0,0.0,0.0,0.0,0.0,0.0,0.000147102,0.0,0.0,0.0,0.0,0.0,9.81e-05,0.0,0.0,0.0,0.0,0.0,0.0,2.45e-05
227,RPRC0540018,4,0.82453855,0.003356001,0.038329065,0.007528923,0.0,0.000132474,0.0,0.0,0.0,0.0,0.0,0.0,0.0,0.0,0.0,0.0,0.0,0.0,0.0,0.122140775,0.0,0.0,0.0,0.0,0.0,0.000375342,0.0,0.0,0.0,0.0,0.0,0.0,0.0
228,RPRC0540018,5,0.805593452,0.013216235,0.056957708,0.0,0.0,0.0,0.0,0.0,0.0,0.092797863,0.0,0.0,0.0,0.0,0.0,0.0,0.0,0.0,0.0,0.004178035,0.0,0.0,0.0,0.0,0.0,0.000312642,0.0,0.0,0.0,0.0,0.0,0.0,0.006338108
229,RPRC0540018,6,0.822825613,2.9e-05,0.002352258,0.096878176,0.020153913,0.016030202,0.0,0.0,0.0,0.004094671,0.0,0.0,0.0,0.0,0.0,0.0,0.0,0.0,0.0,0.0,0.0,0.0,0.0,0.0,0.0,0.0,0.0,0.0,0.0,0.0,0.0,0.0,0.0
230,RPRC0540018,7,0.194399888,0.665052248,0.124476352,0.0,0.0,0.0,0.0,0.0,0.0,0.0,0.0,0.0,0.0,0.0,0.0,0.0,0.0,0.0,0.0,9.34e-05,0.0,0.0,0.0,0.0,0.0,0.00068522,0.0,0.0,0.0,0.0,0.0,0.0,0.007241524
231,RPRC0540024,1,0.960709803,0.001272486,0.000244038,0.0,0.0,0.0,0.0,0.0,0.0,0.0,0.0,0.0,0.0,0.0,0.0,0.037303026,0.000313764,0.0,0.0,0.0,0.0,0.0,0.0,0.0,0.0,0.0,0.0,0.0,0.0,0.0,0.0,0.0,0.0
232,RPRC0540024,2,0.00076317,0.173777047,0.000300968,0.0,7.52e-05,0.0,0.0,5.37e-05,0.0,0.0,0.0,0.0,0.0,0.805617362,0.0,0.010652134,0.007330732,0.0,0.0,0.0,0.0,0.0,0.0,0.0,0.0,0.0,0.0,0.0,0.0,0.0,0.0,0.0,0.0
233,RPRC0540024,3,0.000130508,0.120533592,0.000512711,0.0,0.0,0.0,5.59e-05,8.39e-05,0.0,0.0,0.0,1.86e-05,0.0,0.58310106,0.0,0.293717897,0.000531355,0.0,0.0,0.0,0.0,0.0,0.0,0.0,0.0,0.0,0.0,0.0,0.0,0.0,0.0,0.0,0.0
234,RPRC0540024,4,0.000268541,0.998025432,0.001397994,0.0,0.0,0.0,1.58e-05,7.9e-06,0.0,0.0,0.0,0.0,0.0,0.0,0.0,0.0,0.0,0.0,0.0,0.0,0.0,0.0,0.0,0.0,0.0,0.0,0.0,0.0,0.0,0.0,0.0,0.0,0.0
235,RPRC0540024,5,0.000660025,0.543577333,0.000754314,0.0,0.0,0.0,0.0,3.14e-05,0.0,0.0,0.0,0.0,0.0,0.353395983,0.0,0.042335858,0.057264984,0.0,0.0,0.0,0.0,0.0,0.0,0.0,0.0,0.0,0.0,0.0,0.0,0.0,0.0,0.0,0.0
236,RPRC0540024,6,0.00049221,0.997898643,0.001363043,0.0,4.73e-05,0.0,1.89e-05,2.84e-05,0.0,0.0,0.0,9.47e-06,0.0,0.0,0.0,0.0,0.0,0.0,0.0,0.0,0.0,0.0,0.0,0.0,0.0,0.0,0.0,0.0,0.0,0.0,0.0,0.0,0.0
237,RPRC0540024,7,0.999515092,5.31e-05,1.33e-05,0.0,0.0,0.0,0.0,7.97e-05,0.0,0.0,0.0,6.64e-06,0.0,0.0,0.0,5.31e-05,6.64e-06,0.0,0.0,0.0,0.0,0.0,0.0,0.0,0.0,0.0,0.0,0.0,0.0,0.0,0.0,0.0,0.0
238,RPRC0540025,1,0.818793764,0.01376668,0.018496499,0.024990091,0.0,0.0,0.0,0.12101995,0.0,0.0,6.61e-06,0.0,6.61e-06,0.0,0.0,0.0,0.0,0.0,0.0,0.0,0.0,0.0,0.0,0.0,0.0,0.0,0.0,0.0,0.0,0.0,0.0,0.0,0.0
239,RPRC0540025,2,0.747836137,0.0,0.004263516,0.029048414,0.039347631,0.012276872,0.0,0.067368691,0.0,0.0,0.054192886,0.0,0.007679466,0.0,0.0,0.0,0.0,0.0,0.003005008,0.0,0.0,0.0,0.0,0.0,0.0,0.0,0.0,0.0,0.0,0.0,0.0,0.0,0.0
240,RPRC0540025,3,0.754515829,0.0,0.001427685,0.031486654,0.051567349,0.008100559,0.0,0.062725016,0.0,0.0,0.044072005,0.0,0.005959032,0.0,0.0,0.0,0.0,0.0,0.004810677,0.0,0.0,0.0,0.0,0.0,0.0,0.0,0.0,0.0,0.0,0.0,0.0,0.0,0.0
241,RPRC0540025,4,0.614375728,1.98e-05,0.000464179,0.043810615,0.070002173,0.038783653,0.0,0.054141071,0.0,0.0,0.102465088,0.0,0.014982124,0.0,0.0,0.0,0.0,0.0,0.022665771,0.0,0.0,0.0,0.0,0.0,0.0,0.0,0.0,0.0,0.0,0.0,0.0,0.0,0.0
242,RPRC0540025,5,0.556700284,1.81e-05,0.00076047,0.126002644,0.022705463,0.025729236,0.0,0.024153977,0.0,0.0,0.106411487,0.0,0.042079342,0.0,0.0,0.0,0.0,0.0,0.004689565,0.0,0.0,0.0,0.0,0.0,0.0,0.0,0.0,0.0,0.0,0.0,0.0,0.0,0.0
243,RPRC0540025,6,0.201490093,0.258719502,0.517411713,0.0,0.0,0.0,0.0,0.0,0.0,0.0,0.0,0.0,0.0,0.0,0.0,0.0,0.0,0.0,0.0,0.0,0.0,0.0,0.0,0.0,0.0,0.0,0.0,0.0,0.0,0.0,0.0,0.0,0.0
244,RPRC0540025,7,0.629676931,0.0,0.000141904,0.116314271,0.010264415,0.075705974,0.0,0.019511849,0.0,0.0,0.0,0.0,0.094082588,0.0,0.0,0.0,0.0,0.0,0.001442694,0.0,0.0,0.0,0.0,0.0,0.0,0.0,0.0,0.0,0.0,0.0,0.0,0.0,0.0
245,RPRC0540027,1,0.837339269,0.000165763,2.37e-05,0.113523882,0.024082976,0.010348339,0.0,0.000260485,0.0,0.0,0.0,0.000118402,0.002391721,0.0,0.0,0.0,0.0,0.0,0.0,0.0,0.0,0.0,0.0,0.0,0.0,0.0,0.0,0.0,0.0,0.0,0.0,0.0,0.0
246,RPRC0540027,2,0.539171739,0.397949391,0.051617527,7.29e-05,1.82e-05,6.07e-06,4.25e-05,4.25e-05,0.0,0.0,0.0,6.07e-06,4.86e-05,0.0,0.0,0.0,0.0,0.0,0.0,0.0,0.0,0.0,0.0,0.0,0.0,0.0,0.0,0.0,0.0,0.0,0.0,0.0,0.0
247,RPRC0540027,3,0.959445658,0.015053468,0.005700053,0.0,4.04e-06,0.0,0.0,0.000113032,0.0,0.0,0.0,0.0,0.0,0.0,0.0,0.0,0.0,0.0,0.0,0.0,0.0,0.0,0.0,0.0,0.0,0.0,0.0,0.0,0.0,0.0,0.0,0.0,0.0
248,RPRC0540027,4,0.528388495,5.46e-05,0.002149402,0.061330807,0.079764659,0.010437349,0.083790233,0.06559318,0.0,0.0,0.0,0.030328421,0.049472668,0.0,0.0,0.0,0.0,0.0,0.0,0.0,0.0,0.0,0.0,0.0,0.0,0.0,0.0,0.0,0.0,0.0,0.0,0.0,0.0
249,RPRC0540027,5,0.657903365,5.96e-05,0.000104325,0.152403946,0.047467883,0.072207815,0.002339861,0.004247519,0.0,0.0,0.0,0.004262422,0.000134132,0.0,0.0,0.0,0.0,0.0,0.0,0.0,0.0,0.0,0.0,0.0,0.0,0.0,0.0,0.0,0.0,0.0,0.0,0.0,0.0
250,RPRC0540027,6,0.930268392,0.040959265,0.013727797,5.6e-06,0.0,1.12e-05,0.0,1.12e-05,0.0,0.0,0.0,0.0,0.0,0.0,0.0,0.0,0.0,0.0,0.0,0.0,0.0,0.0,0.0,0.0,0.0,0.0,0.0,0.0,0.0,0.0,0.0,0.0,0.0
251,RPRC0540027,7,0.971819286,0.001262061,0.004089718,0.00760432,0.005990798,0.000143779,0.0,0.007492492,0.0,0.0,0.0,1.6e-05,0.00052719,0.0,0.0,0.0,0.0,0.0,0.0,0.0,0.0,0.0,0.0,0.0,0.0,0.0,0.0,0.0,0.0,0.0,0.0,0.0,0.0
252,RPRC0540028,1,0.002498954,0.996986907,2.39e-05,9.57e-05,0.0,0.0,0.0,1.2e-05,0.0,0.0,0.0,0.0,0.0,0.0,0.0,0.0,0.0,0.0,0.0,0.0,0.0,0.0,0.0,0.0,0.0,0.0,0.0,0.0,0.0,0.0,0.0,0.0,0.0
253,RPRC0540028,2,0.629335309,6.73e-05,0.000269378,0.184322177,0.035456933,0.04360563,0.0,0.005387568,0.0,0.0,0.0,0.0,0.009933329,0.0,0.0,0.0,0.0,0.0,0.0,0.0,0.0,0.0,0.0,0.0,0.0,0.0,0.0,0.0,0.0,0.0,0.0,0.0,0.0
254,RPRC0540028,3,0.515912568,0.0,0.003105261,0.055182756,0.101958586,0.019767636,0.0,0.124043807,0.0,0.0,0.0,0.0,0.032567369,0.0,0.0,0.0,0.0,0.0,0.0,0.0,0.0,0.0,0.0,0.0,0.0,0.0,0.0,0.0,0.0,0.0,0.0,0.0,0.0
255,RPRC0540028,4,0.563060606,0.394408171,0.039844424,4.69e-05,1.17e-05,0.0,0.0,1.17e-05,0.0,0.0,0.0,0.0,0.0,0.0,0.0,0.0,0.0,0.0,0.0,0.0,0.0,0.0,0.0,0.0,0.0,0.0,0.0,0.0,0.0,0.0,0.0,0.0,0.0
256,RPRC0540028,5,0.538818446,0.209492904,0.041894935,0.192939117,2.73e-05,0.0,0.0,9.12e-06,0.0,0.0,0.0,0.0,9.12e-06,0.0,0.0,0.0,0.0,0.0,0.0,0.0,0.0,0.0,0.0,0.0,0.0,0.0,0.0,0.0,0.0,0.0,0.0,0.0,0.0
257,RPRC0540028,6,0.992885311,0.004479619,0.000286223,1.36e-05,3.63e-05,0.0,0.0,0.001576499,0.0,0.0,0.0,0.0,0.0,0.0,0.0,0.0,0.0,0.0,0.0,0.0,0.0,0.0,0.0,0.0,3.18e-05,8.18e-05,0.0,0.0,0.0,0.0,0.0,0.0,0.0
258,RPRC0540028,7,0.688995074,0.0,5.9e-05,0.079668466,0.030262809,0.044656815,0.0,0.01401056,0.0,0.0,0.0,0.0,0.016134265,0.0,0.0,0.0,0.0,0.0,0.0,0.0,0.0,0.0,0.0,0.0,0.0,0.0,0.0,0.0,0.0,0.0,0.0,0.0,0.0
259,RPRC0540035,1,0.722409983,0.162964708,0.081990121,1.62e-05,2.44e-05,0.0,2.44e-05,0.031221565,0.0,0.0,0.0,8.12e-06,0.0,0.0,0.0,1.62e-05,0.0,0.0,0.0,0.0,0.0,0.0,0.0,0.0,0.0,0.0,0.0,0.0,0.0,0.0,0.0,0.0,0.0
260,RPRC0540035,2,0.934430467,0.000129243,0.000646217,0.045407548,0.004738928,0.002627951,0.000129243,0.008530071,0.0,0.0,0.0,0.0,0.0,0.0,0.0,0.0,0.0,0.0,0.0,0.0,0.0,0.0,0.0,0.0,0.0,0.0,0.0,0.0,0.0,0.0,0.0,0.0,0.0
261,RPRC0540035,3,0.806132755,0.0,0.000257859,0.154672626,0.018136107,0.007327503,0.0,0.005608441,0.0,0.0,0.0,4.3e-05,0.0,0.0,0.0,0.0,0.0,0.0,0.0,0.0,0.0,0.0,0.0,0.0,0.0,0.0,0.0,0.0,0.0,0.0,0.0,0.0,0.0
262,RPRC0540035,4,0.87871683,0.0,0.006779353,0.036568521,0.024027626,0.003707743,0.000236278,0.039967285,0.0,0.0,0.0,0.00345329,0.0,0.0,0.0,0.0,0.0,0.0,0.0,0.0,0.0,0.0,0.0,0.0,0.0,0.0,0.0,0.0,0.0,0.0,0.0,0.0,0.0
263,RPRC0540035,5,0.682415452,0.005151863,0.284842392,3.59e-05,0.0,0.0,0.0,0.019027788,0.0,0.0,0.0,0.0,0.0,0.0,0.0,0.007090544,0.0,0.0,0.0,0.0,0.0,0.0,0.0,0.0,0.0,0.0,0.0,0.0,0.0,0.0,0.0,0.0,0.0
264,RPRC0540035,6,0.837256037,5.11e-05,0.0006131,0.021662863,0.07702919,0.0,3.41e-05,0.047821792,0.0,0.0,0.0,0.00616506,0.0,0.0,0.0,0.0,0.0,0.0,0.0,0.0,0.0,0.0,0.0,0.0,0.0,0.0,0.0,0.0,0.0,0.0,0.0,0.0,0.0
265,RPRC0540035,7,0.662492768,0.02863873,0.254731796,0.000206629,2.07e-05,0.0,0.0,0.00014464,0.0,0.0,0.0,0.0,0.0,0.0,0.0,0.05366146,0.0,0.0,0.0,0.0,0.0,0.0,0.0,0.0,0.0,0.0,0.0,0.0,0.0,0.0,0.0,0.0,0.0
266,RPRC0540036,1,0.934628407,0.059784498,0.0,0.000115861,1.29e-05,0.0,1.29e-05,3.86e-05,0.0,1.29e-05,0.0,0.0,0.0,0.0,0.0,0.001042753,0.000952638,0.0,0.0,0.0,0.0,0.0,0.0,0.0,0.0,0.0,0.0,0.0,0.0,0.0,0.0,0.0,0.0
267,RPRC0540036,2,0.891144082,0.103283054,0.0,7.71e-05,5.14e-06,5.14e-06,9.25e-05,3.08e-05,0.0,5.14e-06,0.0,0.0,0.0,0.0,0.0,0.000226205,0.001254408,0.0,0.0,0.0,0.0,0.0,0.0,0.0,0.0,0.0,0.0,0.0,0.0,0.0,0.0,0.0,0.0
268,RPRC0540036,3,0.0,0.841600354,0.0,0.0,0.0,0.0,0.0,0.0,0.0,0.0,0.0,0.0,0.0,0.0,0.0,0.019142352,0.130680813,0.0,0.0,0.0,0.0,0.0,0.0,0.0,0.0,0.0,0.0,0.0,0.0,0.0,0.0,0.0,0.0
269,RPRC0540036,4,0.936104529,0.040552434,0.0,0.0,0.0,0.0,0.0,0.018671722,0.0,0.0,0.0,0.0,0.0,0.0,0.0,2.71e-05,0.0,0.0,0.0,0.0,0.0,0.0,0.0,0.0,0.0,0.0,0.0,0.0,0.0,0.0,0.0,0.0,0.0
270,RPRC0540036,5,0.874551043,0.0,0.0,0.027390808,0.01035104,0.006688727,0.014778789,0.057760925,0.0,0.001978356,0.0,0.0,0.0,0.0,0.0,0.0,0.0,0.0,0.0,0.0,0.0,0.0,0.0,0.0,0.0,0.0,0.0,0.0,0.0,0.0,0.0,0.0,0.0
271,RPRC0540036,6,0.551913986,3.71e-05,0.0,0.022782464,0.103401613,0.005690982,0.099119474,0.081453332,0.0,0.001297618,0.0,0.0,0.0,0.0,0.0,0.0,3.71e-05,0.0,0.0,0.0,0.0,0.0,0.0,0.0,0.0,0.0,0.0,0.0,0.0,0.0,0.0,0.0,0.0
272,RPRC0540036,7,0.043031288,0.798577814,0.0,0.000853312,0.001544088,4.06e-05,0.000203169,0.003250711,0.0,0.000121902,0.0,0.0,0.0,0.0,0.0,0.021373425,0.041852905,0.0,0.0,0.0,0.0,0.0,0.0,0.0,0.0,0.0,0.0,0.0,0.0,0.0,0.0,0.0,0.0
273,RPRC0540037,1,0.001831957,0.702295601,0.089607599,4.52e-05,2.26e-05,0.0,0.0,9.05e-05,0.0,0.0,4.52e-05,0.0,0.0,0.0,0.0,0.179780617,0.02603189,0.0,0.0,0.0,0.0,0.0,0.0,0.0,0.0,0.0,0.0,0.0,0.0,0.0,0.0,0.0,0.0
274,RPRC0540037,2,0.047398248,0.650532824,0.000244041,0.001518479,0.001735405,0.0,0.0,0.002467529,0.0,0.0,0.000460967,0.0,0.0,0.0,0.0,0.127823423,0.008243174,0.0,0.0,0.0,0.0,0.0,0.0,0.0,0.0,0.0,0.0,0.0,0.0,0.0,0.0,0.0,0.0
275,RPRC0540037,3,0.000181032,0.957977869,0.000339436,0.0,0.0,0.0,0.0,0.0,0.0,0.0,0.0,0.0,0.0,0.0,0.0,0.037066371,0.004095857,0.0,0.0,0.0,0.0,0.0,0.0,0.0,0.0,0.0,0.0,0.0,0.0,0.0,0.0,0.0,0.0
276,RPRC0540037,4,0.738841126,0.0,0.006555961,0.027480077,0.06073097,0.0,0.0,0.09574844,0.0,0.0,0.006928905,0.0,0.0,0.0,0.001845091,0.0,0.000314058,0.0,0.0,0.0,0.0,0.0,0.0,0.0,0.0,0.0,0.0,0.0,0.0,0.0,0.0,0.0,0.0
277,RPRC0540037,5,0.670344153,0.0,0.0005952,0.141593861,0.078566418,0.0,0.0,0.019726633,0.0,0.0,0.008184002,0.0,0.0,0.0,0.001594286,0.0,0.0,0.0,0.0,0.0,0.0,0.0,0.0,0.0,0.0,0.0,0.0,0.0,0.0,0.0,0.0,0.0,0.0
278,RPRC0540037,6,0.831826401,4.33e-05,0.000476443,0.025283971,0.023378198,0.0,0.0,0.068456216,0.0,0.0,0.009518034,0.0,0.0,0.0,0.018267263,0.0,0.0,0.0,0.0,0.0,0.0,0.0,0.0,0.0,0.0,0.0,0.0,0.0,0.0,0.0,0.0,0.0,0.0
279,RPRC0540037,7,0.991822121,0.000488232,0.001505381,0.0,2.03e-05,0.0,0.0,0.003539679,0.0,0.0,0.0,0.0,0.0,0.0,0.0,4.07e-05,4.07e-05,0.0,0.0,0.0,0.0,0.0,0.0,0.0,0.0,0.0,0.0,0.0,0.0,0.0,0.0,0.0,0.0
